taxonKey,nubKey,taxonID,scientificName,kingdom,taxonRank
160947354,7705930,123615,"Sus scrofa Linnaeus, 1758",Animalia,SPECIES
160947357,2362110,123497,"Mylopharyngodon piceus (Richardson, 1846)",Animalia,SPECIES
160947361,5202520,123437,"Ictalurus punctatus (Rafinesque, 1818)",Animalia,SPECIES
160947364,2350570,123422,"Gambusia holbrooki Girard, 1859",Animalia,SPECIES
160947365,2350580,123421,"Gambusia affinis (Baird & Girard, 1853)",Animalia,SPECIES
160947368,4409518,123369,"Coregonus maraenoides Berg, 1916",Animalia,SPECIES
7380100,7380100,123566,Prunus tomentosa Thunb. ex A.Murray,Plantae,SPECIES
160947372,3039483,123577,Rhamnus davuricus Pall.,Plantae,SPECIES
160947373,3086240,123496,Mirabilis jalapa L.,Plantae,SPECIES
160947374,2362486,123436,"Hypophthalmichthys nobilis (Richardson, 1845)",Animalia,SPECIES
160947375,2362473,123435,"Hypophthalmichthys molitrix (Valenciennes, 1844)",Animalia,SPECIES
160947376,2362030,123382,"Ctenopharyngodon idella (Valenciennes, 1844)",Animalia,SPECIES
160947377,4286942,123328,"Carassius auratus (Linnaeus, 1758)",Animalia,SPECIES
160947383,2687885,123425,Ginkgo biloba L.,Plantae,SPECIES
160947387,2653316,123402,Ephedra equisetina Bunge,Plantae,SPECIES
160947391,5300716,123417,Fritillaria imperialis L.,Plantae,SPECIES
160947395,5355395,123605,Spartium junceum L.,Plantae,SPECIES
160947396,2781074,123432,Hemerocallis fulva (L.) L.,Plantae,SPECIES
160947399,2774721,123347,Chlorophytum capense (L.) Voss,Plantae,SPECIES
160947400,2775619,123659,Yucca gloriosa L.,Plantae,SPECIES
160947401,2775561,123658,Yucca filamentosa L.,Plantae,SPECIES
160947402,2775744,123657,Yucca aloifolia L.,Plantae,SPECIES
9293592,5679484,123568,Festuca incurva (Gouan) Gutermann,Plantae,SPECIES
160947404,2772666,123434,Hyacinthus orientalis L.,Plantae,SPECIES
160947405,2774846,123348,Chlorophytum comosum (Thunb.) Jacques,Plantae,SPECIES
160947408,8034409,123324,Canna indica L.,Plantae,SPECIES
7948459,5289579,123274,Aira elegans Willd. ex Roem. & Schult.,Plantae,SPECIES
160947413,5289686,123594,Setaria verticillata (L.) P.Beauv.,Plantae,SPECIES
160947414,2684120,123593,Sequoiadendron giganteum (Lindl.) J.T.Buchholz,Plantae,SPECIES
160947415,2362868,123567,"Pseudorasbora parva (Temminck & Schlegel, 1846)",Animalia,SPECIES
160947416,3039209,123510,Parthenocissus tricuspidata (Siebold & Zucc.) Planch.,Plantae,SPECIES
160947417,2705565,123511,Paspalum dilatatum Poir.,Plantae,SPECIES
160947418,7155259,123506,Paeonia ×suffruticosa Andrews,Plantae,SPECIES
8424006,8120010,123440,Imperata cylindrica (L.) Raeusch.,Plantae,SPECIES
160947420,2703041,123296,Arundo donax L.,Plantae,SPECIES
160947423,2873769,123265,Acorus calamus L.,Plantae,SPECIES
160947427,2683909,123592,Sequoia sempervirens (D.Don) Endl.,Plantae,SPECIES
160947428,7696841,123591,Schisandra chinensis (Turcz.) Baill.,Plantae,SPECIES
160947429,2684178,123635,Thuja occidentalis L.,Plantae,SPECIES
160947430,3152820,123550,Platanus occidentalis L.,Plantae,SPECIES
160947431,5914287,123493,Melia azedarach L.,Plantae,SPECIES
160947432,2684626,123449,Juniperus excelsa M.-Bieb.,Plantae,SPECIES
160947433,2684809,123450,Juniperus pseudosabina Fisch. & C.A.Mey.,Plantae,SPECIES
160947434,2684363,123448,Juniperus chinensis L.,Plantae,SPECIES
160947435,5284237,123381,Cryptomeria japonica (Thunb. ex L.f.) D.Don,Plantae,SPECIES
160947436,2683969,123383,Cupressus arizonica Greene,Plantae,SPECIES
160947437,2684030,123385,Cupressus sempervirens L.,Plantae,SPECIES
160947438,2684046,123384,Cupressus lusitanica Mill.,Plantae,SPECIES
160947439,2683871,123346,"Chamaecyparis thyoides (L.) Britton, Sterns & Poggenb.",Plantae,SPECIES
160947440,2683866,123345,Chamaecyparis lawsoniana (A.Murray bis) Parl.,Plantae,SPECIES
3141855,3141857,123536,Helminthotheca echioides (L) Holub,Plantae,SPECIES
160947443,5285533,123537,Pinus banksiana Lamb.,Plantae,SPECIES
160947444,5285775,123538,Pinus bungeana Zucc. ex Endl.,Plantae,SPECIES
160947445,5285134,123539,Pinus cembra L.,Plantae,SPECIES
160947446,5285604,123540,Pinus halepensis Mill.,Plantae,SPECIES
160947447,5284809,123541,Pinus nigra J.F.Arnold,Plantae,SPECIES
160947448,5930453,123542,Pinus nigra subsp. pallasiana (Lamb.) Holmboe,Plantae,SUBSPECIES
160947449,5285565,123543,Pinus pinaster Aiton,Plantae,SPECIES
160947450,5285165,123544,Pinus pinea L.,Plantae,SPECIES
160947451,5285053,123545,Pinus ponderosa Douglas ex C.Lawson,Plantae,SPECIES
160947452,5284982,123546,Pinus strobus L.,Plantae,SPECIES
160947453,5284871,123534,Picea pungens Engelm.,Plantae,SPECIES
160947454,5284950,123533,Picea omorika (Pancic) Purk.,Plantae,SPECIES
160947455,5284765,123532,Picea obovata Ledeb.,Plantae,SPECIES
160947456,5284917,123531,Picea engelmannii Parry ex Engelm.,Plantae,SPECIES
160947457,5284884,123530,Picea abies (L.) H.Karst.,Plantae,SPECIES
2988383,7472788,123529,Physocarpus amurensis (Maxim.) Maxim.,Plantae,SPECIES
160947459,5421180,123452,Koelreuteria paniculata Laxm.,Plantae,SPECIES
160947460,2686212,123453,Larix decidua Mill.,Plantae,SPECIES
160947461,2686157,123454,Larix kaempferi (Lamb.) Carrière,Plantae,SPECIES
160947462,2686270,123455,Larix occidentalis Nutt.,Plantae,SPECIES
160947463,5284698,123333,Cedrus deodara (Lamb.) G.Don,Plantae,SPECIES
160947464,5284702,123332,Cedrus atlantica (Endl.) Manetti ex Carriere,Plantae,SPECIES
160947465,5284682,123334,Cedrus libani A.Rich.,Plantae,SPECIES
160947466,2685654,123253,Abies sibirica Ledeb.,Plantae,SPECIES
160947467,2685546,123251,Abies numidica de Lannoy ex Carrière,Plantae,SPECIES
160947468,2685464,123252,Abies pinsapo Boiss.,Plantae,SPECIES
6369819,3855531,123590,Sambucus canadensis L.,Plantae,SPECIES
160947475,3169708,123642,Vinca major L.,Plantae,SPECIES
160947476,3169707,123643,Vinca minor L.,Plantae,SPECIES
160947480,3190585,123548,Pistacia vera L.,Plantae,SPECIES
7400250,3152815,123549,Platanus ×hispanica Mill. ex Münchh.,Plantae,SPECIES
160947484,3170823,123513,Paulownia tomentosa (Thunb.) Steud.,Plantae,SPECIES
160947485,8313325,123514,Pelargonium odoratissimum (L.) L'Hér.,Plantae,SPECIES
8679346,8679346,123501,Oenothera grandiflora (Soland.),Plantae,SPECIES
160947491,3188924,123500,Oenothera biennis L.,Plantae,SPECIES
160947494,3152873,123461,Liriodendron chinense (Hemsl.) Sarg.,Plantae,SPECIES
160947495,3172291,123460,Ligustrum ovalifolium Hassk.,Plantae,SPECIES
160947496,2984580,123480,Maclura pomifera (Raf. ex Sarg.) C.K.Schneid.,Plantae,SPECIES
160947497,9605163,123481,Magnolia grandiflora L.,Plantae,SPECIES
160947500,4264680,123498,"Myocastor coypus (Molina, 1782)",Animalia,SPECIES
160947501,4064467,123388,Cynoglossum creticum Mill.,Plantae,SPECIES
160947504,5341394,123520,Perilla frutescens (L.) Britton,Plantae,SPECIES
160947507,3610757,123386,Cuscuta campestris Yunck.,Plantae,SPECIES
160947508,2928538,123441,Ipomoea hederacea Jacq.,Plantae,SPECIES
160947509,2928576,123442,Ipomoea purpurea (L.) Roth,Plantae,SPECIES
160947510,2928589,123443,Ipomoea tricolor Cav.,Plantae,SPECIES
160947513,2986045,123523,Philadelphus coronarius L.,Plantae,SPECIES
160947514,3190154,123522,Phellodendron amurense Rupr.,Plantae,SPECIES
160947515,2985965,123391,Deutzia scabra Thunb.,Plantae,SPECIES
160947516,2985964,123390,Deutzia gracilis Siebold & Zucc.,Plantae,SPECIES
160947518,3082234,123370,Cornus sanguinea L.,Plantae,SPECIES
160947519,3082244,123371,Cornus sericea L.,Plantae,SPECIES
7265494,3794029,123405,Euonymus maackii Rupr.,Plantae,SPECIES
160947524,7102937,123406,Euonymus japonicus Thunb.,Plantae,SPECIES
160947528,3988113,123318,Buxus balearica Lam.,Plantae,SPECIES
160947529,2984672,123319,Buxus microphylla Siebold & Zucc.,Plantae,SPECIES
160947530,2984671,123320,Buxus sempervirens L.,Plantae,SPECIES
2873995,2873994,123294,Isotrema macrophyllum (Lam.) C.F.Reed,Plantae,SPECIES
160947536,2874680,123396,Ecballium elaterium (L.) A.Rich.,Plantae,SPECIES
160947537,5331404,123398,Echinocystis lobata (Michx.) Torr. & A.Gray,Plantae,SPECIES
160947538,2874622,123350,Citrullus colocynthis (L.) Schrad.,Plantae,SPECIES
160947540,7488761,123302,Begonia pendula Ridl.,Plantae,SPECIES
4157771,4157771,123301,Begonia grandeflora Knowl. & West.,Plantae,SPECIES
3981814,3982213,123308,Berberis wilsoniae Hemsl.,Plantae,SPECIES
160947547,3153260,123482,Magnolia kobus DC.,Plantae,SPECIES
160947548,3033895,123306,Berberis canadensis Mill.,Plantae,SPECIES
3033865,3033868,123305,Mahonia aquifolium (Pursh) Nutt.,Plantae,SPECIES
160947550,7300239,123304,Berberis amurensis Rupr.,Plantae,SPECIES
160947551,3033896,123310,Berberis thunbergii DC.,Plantae,SPECIES
3033850,3033851,123309,Mahonia repens (Lindl.) G.Don,Plantae,SPECIES
160947553,3981543,123307,Berberis julianae C.K.Schneid.,Plantae,SPECIES
6710401,3033585,123354,Clematis viticella subsp. campaniflora (Brot.) Kuntze,Plantae,SUBSPECIES
7277760,3931194,123299,Clematis sibirica (L.) Mill.,Plantae,SPECIES
160947559,3928102,123361,Clematis songarica Bunge,Plantae,SPECIES
160947560,3033535,123362,Clematis tangutica (Maxim.) Korsh.,Plantae,SPECIES
160947561,3033546,123363,Clematis terniflora DC.,Plantae,SPECIES
160947562,3033562,123364,Clematis viorna L.,Plantae,SPECIES
160947563,3033541,123365,Clematis virginiana L.,Plantae,SPECIES
160947564,3033558,123366,Clematis vitalba L.,Plantae,SPECIES
160947565,6375119,123352,Clematis apiifolia DC.,Plantae,SPECIES
160947566,3033599,123351,Clematis alpina (L.) Mill.,Plantae,SPECIES
160947567,6374525,123356,Clematis fusca Turcz.,Plantae,SPECIES
160947568,6374830,123355,Clematis cirrhosa L.,Plantae,SPECIES
160947569,7277064,123353,Clematis brevicaudata DC.,Plantae,SPECIES
160947570,7277777,123360,Clematis serratifolia Rehder,Plantae,SPECIES
160947571,6376216,123359,Clematis montana Buch.-Ham. ex DC.,Plantae,SPECIES
160947572,7446467,123358,Clematis ligusticifolia Nutt. ex Torr. & A.Gray,Plantae,SPECIES
160947573,8338835,123357,Clematis glauca Willd.,Plantae,SPECIES
160947576,2986111,123581,Ribes aureum Pursh,Plantae,SPECIES
160947577,3190538,123580,Rhus typhina L.,Plantae,SPECIES
160947578,2986192,123583,Ribes nigrum L.,Plantae,SPECIES
160947579,2986152,123582,Ribes cynosbati L.,Plantae,SPECIES
160947581,2705162,123507,Panicum capillare L.,Plantae,SPECIES
8202030,8592272,123505,Prunus pensylvanica L.fil.,Plantae,SPECIES
9294247,4200826,123397,Echeveria pulvinata var. leucotricha (J.A.Purpus) Kimnach,Plantae,VARIETY
12176639,4930822,123298,Astilbe ×rosea Van Waveren & Kruijff,Plantae,SPECIES
160947592,2705622,123512,Paspalum distichum L.,Plantae,SPECIES
160947594,5284231,123494,Metasequoia glyptostroboides H.H.Hu & W.C.Cheng,Plantae,SPECIES
160947596,2925564,123646,Vitex negundo L.,Plantae,SPECIES
160947597,2925562,123645,Vitex agnus-castus L.,Plantae,SPECIES
160947598,5372639,123588,Salix babylonica L.,Plantae,SPECIES
160947599,3171547,123519,Penstemon rupicola (Piper) Howell,Plantae,SPECIES
160947600,5341300,123418,Galeopsis tetrahit L.,Plantae,SPECIES
5549593,5549597,123629,Syringa tomentella subsp. sweginzowii (Koehne & Lingelsh.) Jin Y.Chen & D.Y.Hong,Plantae,SUBSPECIES
5549613,5549644,123626,Syringa reticulata subsp. pekinensis (Rupr.) P.S.Green & M.C.Chang,Plantae,SUBSPECIES
160947606,6433171,123625,Syringa oblata Lindl.,Plantae,SPECIES
160947608,5415036,123627,Syringa persica L.,Plantae,SPECIES
160947609,5415037,123630,Syringa villosa Vahl,Plantae,SPECIES
5549582,5549576,123632,Syringa villosa subsp. wolfii (C.K.Schneid.) Jin Y.Chen & D.Y.Hong,Plantae,SUBSPECIES
160947611,5415039,123631,Syringa vulgaris L.,Plantae,SPECIES
160947612,5549706,123622,Syringa ×henryi C.K.Schneid.,Plantae,SPECIES
160947613,5549761,123621,Syringa ×chinensis Willd.,Plantae,SPECIES
160947614,6433201,123624,Syringa komarowii C.K.Schneid.,Plantae,SPECIES
160947615,7636833,123623,Syringa josikaea J.Jacq. ex Rchb.,Plantae,SPECIES
8106009,3664738,123502,Oenothera grandiflora L'Her.,Plantae,SPECIES
160947617,3172297,123459,Ligustrum lucidum W.T.Aiton,Plantae,SPECIES
160947618,3172301,123458,Ligustrum japonicum Thunb.,Plantae,SPECIES
160947619,3158802,123457,Legousia falcata (Ten.) Fritsch ex Janch.,Plantae,SPECIES
160947620,3172334,123416,Fraxinus velutina Torr.,Plantae,SPECIES
160947621,3684116,123415,Fraxinus sogdiana Bunge,Plantae,SPECIES
160947622,3172348,123414,Fraxinus pennsylvanica Marshall,Plantae,SPECIES
160947623,3172327,123413,Fraxinus americana L.,Plantae,SPECIES
160947624,5415056,123412,Forsythia suspensa (Thunb.) Vahl,Plantae,SPECIES
160947625,3172385,123411,Forestiera pubescens Nutt.,Plantae,SPECIES
160947626,3172322,123410,Fontanesia phillyreoides Labill.,Plantae,SPECIES
2925616,5341154,123426,Verbena ×hybrida Groenland & Rümpler,Plantae,SPECIES
4055478,4055519,123317,Buddleja nivea Duthie,Plantae,SPECIES
160947632,3173337,123315,Buddleja alternifolia Maxim.,Plantae,SPECIES
160947633,3173338,123316,Buddleja davidii Franch.,Plantae,SPECIES
160947635,3172615,123329,Catalpa bignonioides Walter,Plantae,SPECIES
160947636,3172612,123331,Catalpa speciosa (Warder ex Barney) Warder ex Engelm.,Plantae,SPECIES
160947637,3172613,123330,Catalpa ovata G.Don,Plantae,SPECIES
160947638,4094511,123322,Campsis grandiflora (Thunb.) K.Schum.,Plantae,SPECIES
3172549,7613490,123323,Campsis radicans (L.) Bureau,Plantae,SPECIES
160947641,3734201,123641,Veronica armena Boiss. & A.Huet,Plantae,SPECIES
160947642,3171583,123517,Penstemon campanulatus (Cav.) Willd.,Plantae,SPECIES
160947643,3733938,123518,Penstemon hybridus Voss,Plantae,SPECIES
160947645,3171570,123516,Penstemon barbatus (Cav.) Roth,Plantae,SPECIES
160947646,5414995,123393,Digitalis purpurea L.,Plantae,SPECIES
160947647,3172001,123291,Antirrhinum majus L.,Plantae,SPECIES
5361866,12159598,123640,Ulmus glabra Huds.,Plantae,SPECIES
160947653,2879411,123576,Quercus suber L.,Plantae,SPECIES
8214730,8214730,123400,Elaeagnus pungens Thunb. ex A.Murray,Plantae,SPECIES
7752288,7752288,123401,Elaeagnus umbellata C.P.Thunb. ex A.Murray,Plantae,SPECIES
160947658,2984492,123339,Celtis australis L.,Plantae,SPECIES
160947659,2984481,123340,Celtis occidentalis L.,Plantae,SPECIES
160947661,2964241,123479,Lupinus multiflorus Desr.,Plantae,SPECIES
160947662,5361944,123314,Broussonetia papyrifera (L.) L'Hér. ex Vent.,Plantae,SPECIES
3023411,7272163,123295,Prunus mandshurica (Maxim.) Koehne,Plantae,SPECIES
160947667,3012089,123600,Sorbaria sorbifolia (L.) A.Braun,Plantae,SPECIES
10071055,3012254,123601,Scandosorbus ×intermedia (Ehrh.) Sennikov,Plantae,SPECIES
160947671,3021730,123559,Prunus cerasifera Ehrh.,Plantae,SPECIES
160947673,3118646,123504,Oncosiphon grandiflorus (Thunb.) Källersjö,Plantae,SPECIES
160947675,3001362,123484,Malus baccata (L.) Borkh.,Plantae,SPECIES
5365717,3031919,123395,Potentilla indica (Andrews) Th.Wolf,Plantae,SPECIES
7219944,3854963,123407,Exochorda racemosa subsp. racemosa,Plantae,SUBSPECIES
3023903,3023852,123284,Amelanchier humilis Wiegand,Plantae,SPECIES
160947681,3023832,123283,Amelanchier laevis Wiegand,Plantae,SPECIES
160947682,3000610,123344,Chaenomeles japonica (Thunb.) Lindl. ex Spach,Plantae,SPECIES
160947683,9047268,123380,Crataegus rhipidophylla Gand.,Plantae,SPECIES
160947684,3015120,123378,Crataegus maximowiczii C.K.Schneid.,Plantae,SPECIES
160947685,3015596,123379,Crataegus nigra Waldst. & Kit.,Plantae,SPECIES
160947686,3013580,123376,Crataegus douglasii Lindl.,Plantae,SPECIES
160947687,8170460,123374,Cotoneaster melanocarpus G.Lodd.,Plantae,SPECIES
160947688,3025617,123372,Cotoneaster horizontalis Decne.,Plantae,SPECIES
3025770,3025769,123373,Cotoneaster acutifolius Turcz.,Plantae,SPECIES
7828251,3981826,123483,Mahonia japonica (Thunb.) DC.,Plantae,SPECIES
160947691,3001365,123485,Malus ×floribunda Siebold ex Van Houtte,Plantae,SPECIES
3001244,3001093,123487,Malus domestica (Suckow) Borkh.,Plantae,SPECIES
160947693,4272229,123486,Malus mandshurica (Maxim.) Kom.,Plantae,SPECIES
2988349,7596892,123527,Physocarpus monogynus (Torr.) J.M.Coult.,Plantae,SPECIES
160947695,2988354,123528,Physocarpus opulifolius (L.) Maxim.,Plantae,SPECIES
160947696,2986052,123524,Philadelphus inodorus L.,Plantae,SPECIES
160947697,2988383,123525,Physocarpus amurensis (Maxim.) Maxim.,Plantae,SPECIES
160947698,2988390,123526,Physocarpus capitatus (Pursh) Kuntze,Plantae,SPECIES
160947699,3021922,123560,Prunus cerasus L.,Plantae,SPECIES
160947700,3084700,123558,Portulaca grandiflora Hook.,Plantae,SPECIES
160947701,2773626,123569,Puschkinia peshmenii Rix & B.Mathew,Plantae,SPECIES
160947702,3021111,123565,Prunus sibirica L.,Plantae,SPECIES
160947703,3020871,123562,Prunus lusitanica L.,Plantae,SPECIES
3020980,3022502,123561,Prunus amygdalus Batsch,Plantae,SPECIES
160947705,3021850,123564,Prunus serotina Ehrh.,Plantae,SPECIES
3022510,3021586,123563,Prunus glandulifolia Rupr.,Plantae,SPECIES
160947707,5389029,123599,Solidago canadensis L.,Plantae,SPECIES
8128342,3012177,123602,Sorbus aucuparia subsp. glabrata (Wimm. & Grab.) Hedl.,Plantae,SUBSPECIES
160947709,3026406,123608,Spiraea chamaedryfolia L.,Plantae,SPECIES
160947710,3026585,123607,Spiraea alba Du Roi,Plantae,SPECIES
160947711,8170635,123610,Spiraea japonica L.fil.,Plantae,SPECIES
160947712,3027159,123609,Spiraea douglasii Hook.,Plantae,SPECIES
160947713,3012338,123603,Sorbus tianschanica Rupr.,Plantae,SPECIES
160947714,3026656,123612,Spiraea trilobata L.,Plantae,SPECIES
160947715,3026523,123611,Spiraea ×pyramidata Greene,Plantae,SPECIES
160947716,3026622,123613,Spiraea ×vanhouttei (Briot) Zabel,Plantae,SPECIES
3014211,8002742,123377,Crataegus intricata Lange,Plantae,SPECIES
3014062,3013598,123375,Crataegus holmesiana Ashe,Plantae,SPECIES
4052825,3039179,123288,Ampelopsis glandulosa var. brevipedunculata (Maxim.) Momiy.,Plantae,VARIETY
160947725,5372401,123650,Vitis vulpina L.,Plantae,SPECIES
160947726,5372381,123649,Vitis mustangensis Buckley,Plantae,SPECIES
160947727,5372393,123648,Vitis ×champinii Planch.,Plantae,SPECIES
160947728,5372380,123647,Vitis amurensis Rupr.,Plantae,SPECIES
160947729,5553951,123508,Parrotia persica (DC.) C.A.Mey.,Plantae,SPECIES
160947730,3039194,123509,Parthenocissus quinquefolia (L.) Planch.,Plantae,SPECIES
160947731,3039182,123287,Ampelopsis aconitifolia Bunge,Plantae,SPECIES
7590315,7293707,123289,Nekemias megalophylla (Diels & Gilg) J.Wen & Z.L.Nie,Plantae,SPECIES
160947735,2988222,123570,Pyracantha angustifolia (Franch.) C.K.Schneid.,Plantae,SPECIES
160947736,2876873,123571,Quercus glauca Thunb.,Plantae,SPECIES
160947737,2880539,123574,Quercus rubra L.,Plantae,SPECIES
160947738,2879649,123575,Quercus serrata Murray,Plantae,SPECIES
160947739,2879098,123572,Quercus ilex L.,Plantae,SPECIES
160947740,2878688,123573,Quercus robur L.,Plantae,SPECIES
160947742,4205640,123445,Juglans mandshurica Maxim.,Plantae,SPECIES
160947743,3054372,123446,Juglans microcarpa Berl.,Plantae,SPECIES
160947744,3054357,123447,Juglans nigra L.,Plantae,SPECIES
8245043,5331559,123313,Betula pendula subsp. mandshurica (Regel) Ashburner & McAll.,Plantae,SUBSPECIES
160947748,5332120,123312,Betula papyrifera Marshall,Plantae,SPECIES
160947749,5332231,123311,Betula ermanii Cham.,Plantae,SPECIES
160947750,9148577,123278,Alnus incana (L.) Moench,Plantae,SPECIES
8149049,2977331,123655,Wisteria sinensis (Sims) DC.,Plantae,SPECIES
160947754,2977310,123654,Wisteria frutescens (L.) Poir.,Plantae,SPECIES
160947755,2977323,123653,Wisteria floribunda (Willd.) DC.,Plantae,SPECIES
160947756,2963569,123614,Styphnolobium japonicum (L.) Schott,Plantae,SPECIES
160947757,5353525,123606,Sphaerophysa salsula (Pall.) DC.,Plantae,SPECIES
10809500,3012988,123604,Hedlundia turkestanica (Hedl.) Mezhenskyj,Plantae,SPECIES
160947759,5352251,123585,Robinia pseudoacacia L.,Plantae,SPECIES
160947760,2986097,123584,Ribes rubrum L.,Plantae,SPECIES
160947761,5377378,123491,Matthiola incana (L.) W.T.Aiton,Plantae,SPECIES
160947762,5373324,123478,Lunaria annua L.,Plantae,SPECIES
160947763,2944215,123430,Gymnocladus dioicus (L.) K.Koch,Plantae,SPECIES
160947764,2959443,123427,Gleditsia triacanthos L.,Plantae,SPECIES
160947765,5347824,123424,Genista germanica L.,Plantae,SPECIES
160947766,7844167,123368,Colutea arborescens L.,Plantae,SPECIES
160947767,5353590,123343,Cercis siliquastrum L.,Plantae,SPECIES
160947768,5353583,123342,Cercis canadensis L.,Plantae,SPECIES
160947769,2943190,123325,Caragana arborescens Lam.,Plantae,SPECIES
160947770,2943257,123327,Caragana grandiflora DC.,Plantae,SPECIES
2943190,2943227,123326,Caragana arborescens Lam.,Plantae,SPECIES
160947772,5357407,123285,Amorpha fruticosa L.,Plantae,SPECIES
160947773,5357374,123286,Amorpha paniculata Torr. & A.Gray,Plantae,SPECIES
160947774,2972983,123275,Albizia julibrissin Durazz.,Plantae,SPECIES
160947777,3152042,123636,Tilia americana L.,Plantae,SPECIES
160947778,8187982,123637,Tilia dasystyla Steven,Plantae,SPECIES
160947780,3152583,123433,Hibiscus syriacus L.,Plantae,SPECIES
160947781,5406789,123276,Alcea rosea L.,Plantae,SPECIES
160947784,2889934,123639,Tropaeolum majus L.,Plantae,SPECIES
160947786,8370958,123490,Matricaria chamomilla L.,Plantae,SPECIES
160947787,5408087,123463,Lobelia erinus L.,Plantae,SPECIES
160947788,5334259,123477,Lonicera xylosteum L.,Plantae,SPECIES
160947789,5376075,123277,Alliaria petiolata (M.Bieb.) Cavara & Grande,Plantae,SPECIES
160947792,3152861,123462,Liriodendron tulipifera L.,Plantae,SPECIES
160947793,2686276,123456,Larix sibirica Ledeb.,Plantae,SPECIES
5390636,3122770,123290,Cota austriaca (Jacq.) Sch.Bip.,Plantae,SPECIES
160947797,3102871,123656,Xerochrysum bracteatum (Vent.) Tzvelev,Plantae,SPECIES
3111754,3111758,123660,Zinnia elegans Jacq.,Plantae,SPECIES
160947801,5284834,123535,Picea smithiana (Wall.) Boiss.,Plantae,SPECIES
160947803,5415040,123503,Olea europaea L.,Plantae,SPECIES
160947804,3145214,123598,Silybum marianum (L.) Gaertn.,Plantae,SPECIES
160947805,5584611,123597,Silene chalcedonica (L.) E.H.L.Krause,Plantae,SPECIES
160947806,5289684,123595,Setaria viridis (L.) P.Beauv.,Plantae,SPECIES
160947807,3088488,123633,Tagetes erecta L.,Plantae,SPECIES
160947808,3088530,123634,Tagetes minima L.,Plantae,SPECIES
160947809,3104235,123638,Tripleurospermum rosellum (Boiss. & Orph.) Hayek,Plantae,SPECIES
160947810,3151558,123620,Symphyotrichum novi-belgii (L.) G.L.Nesom,Plantae,SPECIES
160947811,3151618,123619,Symphyotrichum novae-angliae (L.) G.L.Nesom,Plantae,SPECIES
160947812,5352245,123586,Robinia viscosa Michx. ex Vent.,Plantae,SPECIES
160947813,3152379,123489,Malva moschata L.,Plantae,SPECIES
160947814,3119175,123431,Helianthus tuberosus L.,Plantae,SPECIES
160947815,5388595,123444,Jacobaea maritima (L.) Pelser & Meijden,Plantae,SPECIES
160947816,3132570,123419,Galinsoga parviflora Cav.,Plantae,SPECIES
160947817,3146219,123429,Grindelia squarrosa (Pursh) Dunal,Plantae,SPECIES
160947818,3112455,123423,Gazania rigens (L.) Gaertn.,Plantae,SPECIES
160947819,8298495,123420,Galinsoga quadriradiata Ruiz & Pav.,Plantae,SPECIES
160947820,5701337,123389,Dahlia ×cultorum Thorsrud & Reisaeter,Plantae,SPECIES
160947821,3141890,123387,Cyclachaena xanthiifolia (Nutt.) Fresen.,Plantae,SPECIES
160947822,3117449,123403,Erigeron annuus (L.) Pers.,Plantae,SPECIES
160947823,3146791,123404,Erigeron canadensis L.,Plantae,SPECIES
160947824,5384950,123399,Eclipta prostrata (L.) L.,Plantae,SPECIES
12197874,3113591,123349,Lophiolepis sorocephala subsp. sorocephala,Plantae,SUBSPECIES
160947826,3128962,123341,Centaurea diffusa Lam.,Plantae,SPECIES
160947827,3092946,123321,Callistephus chinensis (L.) Nees,Plantae,SPECIES
160947828,3117424,123303,Bellis perennis L.,Plantae,SPECIES
160947829,3104491,123293,Argyranthemum frutescens (L.) Sch.Bip.,Plantae,SPECIES
160947831,3110593,123282,Ambrosia polystachya DC.,Plantae,SPECIES
160947832,5401760,123272,Ageratum houstonianum Mill.,Plantae,SPECIES
160947835,3034922,123409,Foeniculum vulgare Mill.,Plantae,SPECIES
160947836,3034620,123270,Aegopodium podagraria L.,Plantae,SPECIES
160947839,2891770,123439,Impatiens glandulifera Royle,Plantae,SPECIES
160947840,2891773,123438,Impatiens balsamina L.,Plantae,SPECIES
160947842,3032984,123394,Diospyros kaki L.f.,Plantae,SPECIES
4007682,4007104,123297,Lysimachia linum-stellatum L.,Plantae,SPECIES
160947847,7270682,123268,Actinidia kolomikta (Maxim. & Rupr.) Maxim.,Plantae,SPECIES
160947848,3189692,123269,Actinidia polygama (Siebold & Zucc.) Maxim.,Plantae,SPECIES
160947849,3189693,123266,Actinidia arguta (Siebold & Zucc.) Planch. ex Miq.,Plantae,SPECIES
160947850,3189694,123267,Actinidia chinensis Planch.,Plantae,SPECIES
160947854,2684855,123551,Platycladus orientalis (L.) Franco,Plantae,SPECIES
160947856,3040231,123557,Populus simonii Carrière,Plantae,SPECIES
160947858,5563877,123495,Mimulus ×hybridus Wettst.,Plantae,SPECIES
5384738,3817159,123367,Silene flos-cuculi (L.) Greuter & Burdet,Plantae,SPECIES
160947862,3125901,123596,Sigesbeckia orientalis L.,Plantae,SPECIES
160947863,3085421,123392,Dianthus barbatus L.,Plantae,SPECIES
3673470,3674640,123264,Iresine diffusa f. herbstii (Hook.) Pedersen,Plantae,FORM
160947867,3084908,123428,Gomphrena globosa L.,Plantae,SPECIES
160947868,3085191,123336,Celosia argentea L.,Plantae,SPECIES
6429520,3085196,123337,Celosia argentea f. cristata (L.) Schinz,Plantae,FORM
6429520,3673430,123338,Celosia argentea f. cristata (L.) Schinz,Plantae,FORM
160947871,5383936,123300,Bassia scoparia (L.) A.J.Scott,Plantae,SPECIES
160947872,3084939,123280,Alternanthera sessilis (L.) R.Br. ex DC.,Plantae,SPECIES
160947873,3674859,123279,Alternanthera reineckii Briq.,Plantae,SPECIES
160947874,6109534,123281,Amaranthus retroflexus L.,Plantae,SPECIES
160947877,2360842,123578,"Rhodeus amarus (Bloch, 1782)",Animalia,SPECIES
160947878,3190558,123579,Rhus aromatica Aiton,Plantae,SPECIES
160947879,7071048,123547,Pinus wallichiana var. wallichiana,Plantae,VARIETY
2889229,5334392,123552,Persicaria orientalis (L.) Spach,Plantae,SPECIES
160947883,2928859,123521,Petunia ×atkinsiana D.Don ex Loudon,Plantae,SPECIES
160947887,3190653,123273,Ailanthus altissima (Mill.) Swingle,Plantae,SPECIES
6359081,7262966,123256,Acer pictum subsp. mono (Maxim.) H.Ohashi,Plantae,SUBSPECIES
5705901,5705901,123451,Kniphofia ×hybrida Gumbl.,Plantae,SPECIES
160947892,3189815,123271,Aesculus hippocastanum L.,Plantae,SPECIES
160947893,3189837,123260,Acer saccharinum L.,Plantae,SPECIES
160947894,3189883,123259,Acer rubrum L.,Plantae,SPECIES
7912328,7912328,123258,Acer palmatum Thunb. ex Murr.,Plantae,SPECIES
160947896,3189866,123257,Acer negundo L.,Plantae,SPECIES
160947897,3189843,123263,Acer tataricum L.,Plantae,SPECIES
7938418,3768647,123262,Acer tataricum subsp. semenovii (Regel & Herder) A.E.Murray,Plantae,SUBSPECIES
4925890,3189845,123255,Acer tataricum subsp. ginnala (Maxim.) Wesm.,Plantae,SUBSPECIES
160947900,3189859,123261,Acer saccharum Marshall,Plantae,SPECIES
160947903,5331347,123644,Viola tricolor L.,Plantae,SPECIES
160947906,3040184,123554,Populus balsamifera L.,Plantae,SPECIES
160947907,3114225,123587,Rudbeckia hirta L.,Plantae,SPECIES
3190129,3190128,123553,Citrus trifoliata L.,Plantae,SPECIES
3040233,3805881,123555,Populus alba L.,Plantae,SPECIES
160947910,3040232,123556,Populus deltoides W.Bartram ex Marshall,Plantae,SPECIES
160947912,5382858,123408,Flueggea suffruticosa (Pall.) Baill.,Plantae,SPECIES
160947914,3056835,123254,Acalypha australis L.,Plantae,SPECIES
160947918,8249932,123589,Salvia splendens Sellow ex Nees,Plantae,SPECIES
3856179,5599204,123250,Vesalea floribunda M.Martens & Galeotti,Plantae,SPECIES
160947922,2888730,123652,Weigela florida (Bunge) A.DC.,Plantae,SPECIES
160947923,3856535,123651,Weigela coraeensis Thunb.,Plantae,SPECIES
160947925,2888636,123618,Symphoricarpos orbiculatus Moench,Plantae,SPECIES
160947926,2888632,123617,Symphoricarpos occidentalis (R.Br.) Hook.,Plantae,SPECIES
160947927,6369729,123465,Lonicera alpigena L.,Plantae,SPECIES
160947928,5373358,123464,Lobularia maritima (L.) Desv.,Plantae,SPECIES
160947929,5334229,123469,Lonicera flava Sims,Plantae,SPECIES
160947930,5334247,123468,Lonicera etrusca Santi,Plantae,SPECIES
160947931,5334261,123467,Lonicera dioica L.,Plantae,SPECIES
160947932,5334256,123466,Lonicera canadensis Bartram ex Marshall,Plantae,SPECIES
160947933,7902463,123472,Lonicera maackii (Rupr.) Maxim.,Plantae,SPECIES
160947934,5334277,123473,Lonicera periclymenum L.,Plantae,SPECIES
160947935,5334268,123470,Lonicera fragrantissima Lindl. & Paxton,Plantae,SPECIES
160947936,5334240,123471,Lonicera japonica Thunb.,Plantae,SPECIES
160947937,5334242,123476,Lonicera tatarica L.,Plantae,SPECIES
160947938,5598915,123474,Lonicera pileata Oliv.,Plantae,SPECIES
160947939,5334271,123475,Lonicera reticulata Raf.,Plantae,SPECIES
