taxonKey,taxonID,scientificName,kingdom,taxonRank
163302354,166438,"Marenzelleria viridis (Verrill, 1873)",Animalia,SPECIES
8368630,166586,Prorocentrum cordatum (Ostenf.) J.D.Dodge,Chromista,SPECIES
163302356,166437,"Marenzelleria viridis (Verrill, 1873)",Animalia,SPECIES
163302358,166436,"Marenzelleria neglecta Sikorski & Bick, 2004",Animalia,SPECIES
163302365,166591,Pseudoperonospora cubensis (Berk. & M.A.Curtis) Rostovzev,Chromista,SPECIES
163302367,166555,"Phytophthora ramorum Werres, De Cock & Man",Chromista,SPECIES
163302368,166212,"Cordylophora caspia (Pallas, 1771)",Animalia,SPECIES
163302369,166554,Phytophthora infestans (Mont.) de Bary,Chromista,SPECIES
163302370,166211,"Cordylophora caspia (Pallas, 1771)",Animalia,SPECIES
163302380,166718,Synchytrium endobioticum (Schilb.) Percival,Fungi,SPECIES
163302381,166474,"Mya arenaria Linnaeus, 1758",Animalia,SPECIES
163302386,166265,"Dreissena polymorpha (Pallas, 1771)",Animalia,SPECIES
2578578,166465,Erysiphe palczewskii (Jacz.) U.Braun & S.Takam.,Fungi,SPECIES
163302392,166592,"Pseudosuccinea columella (Say, 1817)",Animalia,SPECIES
3482288,166466,Erysiphe vanbruntiana (W.R.Gerard) U.Braun & S.Takam.,Fungi,SPECIES
163302396,166464,Microsphaera jaczewskii U.Braun,Fungi,SPECIES
163302399,166578,"Potamopyrgus antipodarum (J.E.Gray, 1843)",Animalia,SPECIES
163302404,166550,"Physella acuta (Draparnaud, 1805)",Animalia,SPECIES
163302405,166473,Mutinus ravenelii (Berk.) E.Fisch.,Fungi,SPECIES
5189806,166551,"Physella acuta (Draparnaud, 1805)",Animalia,SPECIES
163302410,166453,"Melanoides tuberculata (O.F.Müller, 1774)",Animalia,SPECIES
5189745,166343,"Planorbella duryi (Wetherby, 1879)",Animalia,SPECIES
163302417,166152,Campylopus introflexus (Hedw.) Brid.,Plantae,SPECIES
9776227,166304,"Pettancylus clessinianus (Jickeli, 1882)",Animalia,SPECIES
163302426,166793,"Xerolenta obvia (Menke, 1828)",Animalia,SPECIES
163302427,166272,Elodea canadensis Michx.,Plantae,SPECIES
163302430,166518,"Oxychilus draparnaudi (H.Beck, 1837)",Animalia,SPECIES
163302432,166517,"Oxychilus cellarius (O.F.Müller, 1774)",Animalia,SPECIES
163302433,166205,Commelina communis L.,Plantae,SPECIES
163302436,166406,"Limacus flavus (Linnaeus, 1758)",Animalia,SPECIES
163302438,166407,"Limax maximus Linnaeus, 1758",Animalia,SPECIES
163302440,166757,Tulipa sylvestris L.,Plantae,SPECIES
163302441,166375,"Krynickillus melanocephalus Kaleniczenko, 1851",Animalia,SPECIES
163302442,166405,Lilium martagon L.,Plantae,SPECIES
163302443,166252,"Deroceras reticulatum (O.F.Müller, 1774)",Animalia,SPECIES
163302444,166312,Fritillaria meleagris L.,Plantae,SPECIES
163302446,166344,"Helix pomatia Linnaeus, 1758",Animalia,SPECIES
163302448,166170,"Cepaea nemoralis (Linnaeus, 1758)",Animalia,SPECIES
163302449,166203,Colchicum autumnale L.,Plantae,SPECIES
163302450,166082,"Arianta arbustorum (Linnaeus, 1758)",Animalia,SPECIES
163302453,166085,"Arion lusitanicus Mabille, 1868",Animalia,SPECIES
163302455,166084,"Arion distinctus Mabille, 1868",Animalia,SPECIES
163302456,166686,Sisyrinchium montanum Greene,Plantae,SPECIES
163302461,166345,Hemerocallis fulva (L.) L.,Plantae,SPECIES
163302465,166508,Ornithogalum umbellatum L.,Plantae,SPECIES
163302466,166063,"Anguillicola crassus Kuwahara, Niimi & Itagaki, 1974",Animalia,SPECIES
163302467,166099,Asparagus officinalis L.,Plantae,SPECIES
7227615,166034,Allium flavum subsp. flavum,Plantae,SUBSPECIES
163302475,166176,"Cercopagis pengoi (Ostroumov, 1891)",Animalia,SPECIES
163302476,166033,Allium angulosum L.,Plantae,SPECIES
163302482,166021,Acorus calamus L.,Plantae,SPECIES
4314683,166218,"Chelicorophium curvispinum (G.O.Sars, 1895)",Animalia,SPECIES
8909595,166507,"Faxonius limosus (Rafinesque, 1817)",Animalia,SPECIES
163302491,166417,Luzula luzuloides (Lam.) Dandy & Wilmott,Plantae,SPECIES
163302493,166372,Juncus tenuis Willd.,Plantae,SPECIES
163302494,166281,"Eriocheir sinensis H.Milne Edwards, 1853",Animalia,SPECIES
8946295,166100,"Pontastacus leptodactylus (Eschscholtz, 1823)",Animalia,SPECIES
163302500,166561,Poa supina Schrad.,Plantae,SPECIES
163302501,166521,"Pacifastacus leniusculus (Dana, 1852)",Animalia,SPECIES
8086756,166560,Poa bulbosa L.,Plantae,SPECIES
163302508,166559,Poa chaixii Vill.,Plantae,SPECIES
6467647,166117,"Amphibalanus improvisus (Darwin, 1854)",Animalia,SPECIES
2705090,166526,Panicum miliaceum L.,Plantae,SPECIES
163302516,166005,"Acartia tonsa Dana, 1849",Animalia,SPECIES
4270548,166354,Hordeum murinum subsp. leporinum (Link) Arcang.,Plantae,SUBSPECIES
163302522,166709,Stipa capillata L.,Plantae,SPECIES
163302523,166422,"Lymantria dispar Linnaeus, 1758",Animalia,SPECIES
2705181,166697,Sorghum bicolor (L.) Moench,Plantae,SPECIES
163302527,166150,"Cameraria ohridella Deschka & Dimić, 1986",Animalia,SPECIES
163302530,166594,Puccinellia gigantea (Grossh.) Grossh.,Plantae,SPECIES
2703231,166795,Zizania latifolia (Griseb.) Stapf,Plantae,SPECIES
163302533,166536,"Periplaneta americana (Linnaeus, 1758)",Animalia,SPECIES
163302534,166794,Zizania aquatica L.,Plantae,SPECIES
163302535,166127,"Blatta orientalis Linnaeus, 1758",Animalia,SPECIES
163302538,166128,"Blattella germanica (Linnaeus, 1767)",Animalia,SPECIES
2705196,166028,Agropyron cristatum (L.) Gaertn.,Plantae,SPECIES
2703647,166065,Bromus sterilis L.,Plantae,SPECIES
163302544,166687,"Sitophilus granarius (C.Linnaeus, 1758)",Animalia,SPECIES
163302547,166689,"Sitophilus zeamais Motschulsky & V.de, 1855",Animalia,SPECIES
2703746,166066,Bromus tectorum L.,Plantae,SPECIES
163302551,166725,"Tenebroides mauritanicus (Linnaeus, 1758)",Animalia,SPECIES
2703740,166064,Bromus rubens L.,Plantae,SPECIES
2702727,166789,Festuca myuros L.,Plantae,SPECIES
163302555,166611,"Rhyzopertha dominica (Fabricius, 1792)",Animalia,SPECIES
9382716,166232,Sporobolus schoenoides (L.) P.M.Peterson,Plantae,SPECIES
163302559,166511,"Oryzaephilus mercator (Fauvel, 1889)",Animalia,SPECIES
163302560,166512,"Oryzaephilus surinamensis (Linnaeus, 1758)",Animalia,SPECIES
163302563,166278,Eragrostis minor Host,Plantae,SPECIES
163302565,166477,"Mycetophagus tschitscherini Reitter, 1897",Animalia,SPECIES
163302568,166121,Beckmannia eruciformis (L.) Host,Plantae,SPECIES
1095800,166593,"Ptinus latro Fabricius, 1775",Animalia,SPECIES
163302571,166488,"Niptus hololeucus (Faldermann, 1835)",Animalia,SPECIES
7647071,166134,Bromus erectus Huds.,Plantae,SPECIES
163302575,166707,"Stegobium paniceum (Linnaeus, 1758)",Animalia,SPECIES
163302576,166382,"Lasioderma serricorne Fabricius, 1792",Animalia,SPECIES
2703682,166136,Bromus briziformis Fisch. & C.A.Mey.,Plantae,SPECIES
163302580,166338,"Harmonia axyridis (Pallas, 1773)",Animalia,SPECIES
4109815,166135,Bromus riparius Rehmann,Plantae,SPECIES
7226794,166138,Bromus japonicus subsp. japonicus,Plantae,SUBSPECIES
7467841,166710,"Stromatium auratum (Böber, 1793)",Animalia,SPECIES
163302587,166696,Sorghum halepense (L.) Pers.,Plantae,SPECIES
163302588,166667,Setaria verticillata (L.) P.Beauv.,Plantae,SPECIES
163302589,166469,"Monochamus saltuarius Gebler, 1830",Animalia,SPECIES
163302590,166666,Setaria italica (L.) P.Beauv.,Plantae,SPECIES
163302591,166482,"Nathrius brevipennis (Mulsant, 1839)",Animalia,SPECIES
4121049,166658,Secale strictum (C.Presl) C.Presl,Plantae,SPECIES
163302593,166491,"Oberea pupillata (Gyllenhal, 1817)",Animalia,SPECIES
163302594,166331,"Gracilia minuta (Fabricius, 1781)",Animalia,SPECIES
163302595,166023,Aegilops cylindrica Host,Plantae,SPECIES
163302597,166024,Aegilops tauschii Coss.,Plantae,SPECIES
163302598,166210,"Coraebus elatus (Fabricius, 1787)",Animalia,SPECIES
163302599,166027,Agropyron fragile (Roth) P.Candargy,Plantae,SPECIES
163302601,166026,Agropyron desertorum (Fisch. ex Link) Schult.,Plantae,SPECIES
163302603,166029,Aira caryophyllea L.,Plantae,SPECIES
163302604,166368,"Ips amitinus Wood & Bright, 1992",Animalia,SPECIES
163302605,166035,Alopecurus myosuroides Huds.,Plantae,SPECIES
163302606,166608,"Rhinocyllus conicus (J.A.Froelich, 1792)",Animalia,SPECIES
163302607,166072,Anthoxanthum aristatum Boiss.,Plantae,SPECIES
163302608,166513,"Otiorhynchus smreczynskii Cmoluch, 1968",Animalia,SPECIES
163302609,166141,Bromus squarrosus L.,Plantae,SPECIES
163302610,166251,"Dermestes undulatus Brahms, 1790",Animalia,SPECIES
163302611,166139,Bromus oxyodon Schrenk,Plantae,SPECIES
163302612,166248,"Dermestes ater DeGeer, 1774",Animalia,SPECIES
163302613,166140,Bromus racemosus L.,Plantae,SPECIES
163302614,166249,"Dermestes bicolor Fabricius, 1781",Animalia,SPECIES
163302615,166137,Bromus commutatus Schrad.,Plantae,SPECIES
163302616,166250,"Dermestes frischi Kugelman, 1792",Animalia,SPECIES
163302617,166242,Cynodon dactylon (L.) Pers.,Plantae,SPECIES
163302619,166279,Eremopyrum triticeum (Gaertn.) Nevski,Plantae,SPECIES
163302620,166238,"Cybister lateralimarginalis (De Geer, 1774)",Animalia,SPECIES
163302621,166277,Eragrostis cilianensis (All.) Vignolo ex Janch.,Plantae,SPECIES
163302623,166258,Digitaria ischaemum (Schreb.) Muhl.,Plantae,SPECIES
163302625,166259,Digitaria sanguinalis (L.) Scop.,Plantae,SPECIES
4989835,166234,"Cryptolestes ferrugineus (Stephens, 1831)",Animalia,SPECIES
163302627,166274,Elymus dahuricus Turcz. ex Griseb.,Plantae,SPECIES
163302628,166235,"Cryptolestes turcicus (Grouvelle, 1876)",Animalia,SPECIES
163302629,166275,Elymus sibiricus L.,Plantae,SPECIES
163302630,166233,"Cryptolestes ferrugineus (Stephens, 1831)",Animalia,SPECIES
163302632,166355,Hordeum secalinum Schreb.,Plantae,SPECIES
163302633,166352,Hordeum distichon L.,Plantae,SPECIES
163302634,166162,"Carpophilus hemipterus (Linnaeus, 1758)",Animalia,SPECIES
8332019,166356,Hordeum distichon L.,Plantae,SPECIES
163302637,166158,"Carcinops pumilio (Erichson, 1834)",Animalia,SPECIES
163302638,166353,Hordeum jubatum L.,Plantae,SPECIES
163302639,166357,Hordeum vulgare L.,Plantae,SPECIES
163302641,166411,Lolium multiflorum Lam.,Plantae,SPECIES
163302642,166535,"Perigona nigriceps (Dejean, 1831)",Animalia,SPECIES
163302643,166545,Phalaris canariensis L.,Plantae,SPECIES
163302644,166492,"Ocys quinquestriatus (Gyllenhal, 1810)",Animalia,SPECIES
163302645,166525,Panicum miliaceum subsp. miliaceum,Plantae,SUBSPECIES
163302646,166379,"Laemostenus terricola (Herbst, 1784)",Animalia,SPECIES
163302647,166241,"Cylindera arenaria (Fuessli, 1775)",Animalia,SPECIES
163302648,166524,Panicum dichotomiflorum Michx.,Plantae,SPECIES
163302649,166523,Panicum capillare L.,Plantae,SPECIES
163302650,166098,"Asaphidion austriacum Schweiger, 1975",Animalia,SPECIES
163302651,166546,Phalaris paradoxa L.,Plantae,SPECIES
163302653,166548,Phleum paniculatum Huds.,Plantae,SPECIES
163302654,166115,"Aulonothroscus brevicollis (Bonvouloir, 1859)",Animalia,SPECIES
163302655,166568,Polypogon monspeliensis (L.) Desf.,Plantae,SPECIES
163302657,166752,Trisetum flavescens (L.) P.Beauv.,Plantae,SPECIES
163302658,166330,"Gonotropis dorsalis (Thunberg, 1796)",Animalia,SPECIES
163302660,166081,"Araecerus fasciculatus (C.DeGeer, 1775)",Animalia,SPECIES
163302666,166083,"Aridius nodifer (Westwood, 1839)",Animalia,SPECIES
8365953,166714,Cornus alba L.,Plantae,SPECIES
163302668,166389,"Latridius minutus (Linnaeus, 1767)",Animalia,SPECIES
163302670,166256,"Dienerella filum (Aubé, 1850)",Animalia,SPECIES
3082244,166715,Cornus sericea L.,Plantae,SPECIES
163302672,166164,"Cartodere constricta (Gyllenhal, 1827)",Animalia,SPECIES
163302677,166069,"Anthelephila pedestris (Rossi, 1790)",Animalia,SPECIES
7460783,166728,Thesium ramosum Hayne,Plantae,SPECIES
163302681,166754,"Trogoderma glabrum (Herbst, 1783)",Animalia,SPECIES
163302682,166753,"Trogoderma angustum (Solier, 1849)",Animalia,SPECIES
163302684,166756,"Trogoderma versicolor (Creutzer, 1799)",Animalia,SPECIES
163302686,166755,"Trogoderma variabile Ballion, 1878",Animalia,SPECIES
163302687,166516,Oxalis stricta L.,Plantae,SPECIES
163302688,166602,"Reesa vespulae (Milliron, 1939)",Animalia,SPECIES
163302689,166515,Oxalis dillenii Jacq.,Plantae,SPECIES
163302690,166112,"Attagenus pellio (Linnaeus, 1758)",Animalia,SPECIES
163302691,166514,Oxalis corniculata L.,Plantae,SPECIES
163302692,166114,"Attagenus unicolor (Brahm, 1790)",Animalia,SPECIES
163302694,166113,"Attagenus smirnovi Zhantiev, 1973",Animalia,SPECIES
163302696,166073,"Anthrenus caucasicus Reitter, 1881",Animalia,SPECIES
163302698,166074,"Anthrenus olgae Kalik, 1946",Animalia,SPECIES
163302699,166529,Parthenocissus inserta (A.Kern.) Fritsch,Plantae,SPECIES
163302701,166530,Parthenocissus quinquefolia (L.) Planch.,Plantae,SPECIES
7882289,166796,"Zophobas atratus (Fabricius, 1775)",Animalia,SPECIES
163302706,166736,"Tribolium castaneum (Herbst, 1797)",Animalia,SPECIES
163302707,166370,Juglans ailantifolia Carrière,Plantae,SPECIES
163302708,166371,Juglans cinerea L.,Plantae,SPECIES
163302709,166737,"Tribolium confusum Jaquelin Du Val, 1868",Animalia,SPECIES
163302711,166738,"Tribolium destructor Uyttenboogaart, 1934",Animalia,SPECIES
163302714,166739,"Tribolium madens (Charpentier, 1825)",Animalia,SPECIES
6441863,166359,Hylotelephium telephium subsp. telephium,Plantae,SUBSPECIES
163302716,166724,"Tenebrio obscurus Fabricius, 1792",Animalia,SPECIES
163302718,166723,"Tenebrio molitor Linnaeus, 1758",Animalia,SPECIES
6097732,166329,"Gnatocerus cornutus (Fabricius, 1798)",Animalia,SPECIES
163302720,166360,Hylotelephium spectabile (Boreau) H.Ohba,Plantae,SPECIES
163302721,166219,"Corticeus pini (Panzer, 1799)",Animalia,SPECIES
163302723,166126,"Blaps lethifera Marsham, 1802",Animalia,SPECIES
7334609,166662,Petrosedum rupestre subsp. rupestre,Plantae,SUBSPECIES
163302725,166036,"Alphitobius diaperinus (Panzer, 1797)",Animalia,SPECIES
7172831,166659,Phedimus aizoon (L.) 't Hart,Plantae,SPECIES
163302729,166402,"Leptinotarsa decemlineata (Say, 1824)",Animalia,SPECIES
163302731,166201,"Chrysolina americana (Linnaeus, 1758)",Animalia,SPECIES
11162940,166664,Phedimus spurius subsp. spurius,Plantae,SUBSPECIES
163302733,166143,"Bruchus rufimanus Boheman, 1833",Animalia,SPECIES
163302735,166142,"Bruchus pisorum Linnaeus, 1758",Animalia,SPECIES
163302736,166663,Sedum sexangulare L.,Plantae,SPECIES
163302737,166038,"Altica ampelophaga (Guérin-Ménéville, 1858)",Animalia,SPECIES
163302738,166661,Sedum hispanicum L.,Plantae,SPECIES
163302739,166004,"Acanthoscelides obtectus (Say, 1831)",Animalia,SPECIES
163302740,166660,Sedum album L.,Plantae,SPECIES
163302745,166720,"Tachycines asynamorus Adelung, 1902",Animalia,SPECIES
2986185,166333,Ribes uva-crispa L.,Plantae,SPECIES
163302748,166612,Ribes nigrum L.,Plantae,SPECIES
163302749,166410,"Locusta migratoria (Linnaeus, 1758)",Animalia,SPECIES
163302750,166613,Ribes rubrum L.,Plantae,SPECIES
163302753,166011,"Acheta domesticus (Linnaeus, 1758)",Animalia,SPECIES
3188924,166497,Oenothera biennis L.,Plantae,SPECIES
163302762,166735,"Trachemys scripta (Thunberg In Schoepff, 1792)",Animalia,SPECIES
6427623,166494,Oenothera villosa subsp. villosa,Plantae,SUBSPECIES
163302766,166533,"Pelodiscus sinensis Wiegmann, 1835",Animalia,SPECIES
6427623,166495,Oenothera villosa subsp. villosa,Plantae,SUBSPECIES
7095758,166276,Epilobium ciliatum subsp. ciliatum,Plantae,SUBSPECIES
163302773,166510,"Oryctolagus cuniculus (Linnaeus, 1758)",Animalia,SPECIES
163302774,166493,Oenothera biennis L.,Plantae,SPECIES
163302776,166498,Oenothera ×wienii Renner ex Rostanski,Plantae,SPECIES
3188884,166496,Oenothera oakesiana (A.Gray) J.W.Robbins ex S.Watson,Plantae,SPECIES
163302779,166504,"Ondatra zibethicus (Linnaeus, 1766)",Animalia,SPECIES
163302783,166295,Euonymus fortunei (Turcz.) Hand.-Mazz.,Plantae,SPECIES
163302784,166600,"Rattus norvegicus (Berkenhout, 1769)",Animalia,SPECIES
163302785,166296,Euonymus nanus M.Bieb.,Plantae,SPECIES
163302786,166601,"Rattus rattus (Linnaeus, 1758)",Animalia,SPECIES
163302788,166472,"Mus musculus Linnaeus, 1758",Animalia,SPECIES
163302792,166479,"Myocastor coypus (Molina, 1782)",Animalia,SPECIES
7389776,166787,Viola tricolor subsp. alpestris (Ging.) Ces.,Plantae,SUBSPECIES
163302795,166786,Viola odorata L.,Plantae,SPECIES
5218823,166484,"Mustela vison Schreber, 1777",Animalia,SPECIES
163302801,166490,"Nyctereutes procyonoides (Gray, 1834)",Animalia,SPECIES
8345607,166571,Populus ×berolinensis K.Koch,Plantae,SPECIES
163302803,166574,Populus laurifolia Ledeb.,Plantae,SPECIES
163302805,166573,Populus ×canescens (Aiton) Sm.,Plantae,SPECIES
163302807,166575,Populus nigra L.,Plantae,SPECIES
163302808,166244,"Dama dama (Linnaeus, 1758)",Animalia,SPECIES
163302809,166570,Populus balsamifera L.,Plantae,SPECIES
163302811,166576,Populus trichocarpa Torr. & A.Gray ex Hook.,Plantae,SPECIES
163302813,166569,Populus alba L.,Plantae,SPECIES
163302815,166572,Populus ×canadensis Moench,Plantae,SPECIES
163302816,166547,"Phasianus colchicus karpowi Buturlin, 1904",Animalia,SUBSPECIES
163302821,166641,Salix fragilis L.,Plantae,SPECIES
163302822,166543,"Phalacrocorax carbo sinensis (Blumenbach, 1798)",Animalia,SUBSPECIES
163302825,166462,Mercurialis annua L.,Plantae,SPECIES
163302827,166297,Euphorbia cyparissias L.,Plantae,SPECIES
163302828,166463,"Merops apiaster Linnaeus, 1758",Animalia,SPECIES
163302829,166299,Euphorbia peplus L.,Plantae,SPECIES
163302831,166298,Euphorbia exigua L.,Plantae,SPECIES
163302834,166303,"Falco biarmicus Temminck, 1825",Animalia,SPECIES
163302840,166334,"Gyps fulvus (Hablizl, 1783)",Animalia,SPECIES
163302843,166283,Erodium laciniatum (Cav.) Willd.,Plantae,SPECIES
163302845,166325,Geranium sibiricum L.,Plantae,SPECIES
163302846,166731,"Threskiornis aethiopicus (Latham, 1790)",Animalia,SPECIES
163302847,166324,Geranium rotundifolium L.,Plantae,SPECIES
163302848,166732,"Threskiornis aethiopicus (Latham, 1790)",Animalia,SPECIES
163302849,166323,Geranium pyrenaicum Burm.f.,Plantae,SPECIES
163302851,166322,Geranium phaeum L.,Plantae,SPECIES
163302852,166531,"Pelecanus crispus Bruch, 1832",Animalia,SPECIES
163302853,166321,Geranium divaricatum Ehrh.,Plantae,SPECIES
163302854,166532,"Pelecanus onocrotalus Linnaeus, 1758",Animalia,SPECIES
163302859,166784,Vinca major L.,Plantae,SPECIES
9752617,166269,"Ardea alba Linnaeus, 1758",Animalia,SPECIES
163302861,166785,Vinca minor L.,Plantae,SPECIES
8773033,166247,"Dendrocoptes medius (Linnaeus, 1758)",Animalia,SPECIES
163302867,166231,Cruciata laevipes Opiz,Plantae,SPECIES
163302871,166230,Cruciata glabra (L.) Opiz,Plantae,SPECIES
163302872,166204,"Columba livia J.F.Gmelin, 1789",Animalia,SPECIES
163302873,166668,Sherardia arvensis L.,Plantae,SPECIES
163302875,166317,Galium rubioides L.,Plantae,SPECIES
163302877,166318,Galium sylvaticum L.,Plantae,SPECIES
2481121,166197,"Chlidonias hybrida (Pallas, 1811)",Animalia,SPECIES
163302883,166775,Viburnum lantana L.,Plantae,SPECIES
163302884,166305,"Ficedula albicollis (Temminck, 1815)",Animalia,SPECIES
163302885,166651,Sambucus nigra L.,Plantae,SPECIES
163302887,166652,Sambucus racemosa L.,Plantae,SPECIES
163302888,166471,"Motacilla citreola Pallas, 1776",Animalia,SPECIES
163302890,166077,"Anthus petrosus littoralis C.L.Brehm, 1823",Animalia,SUBSPECIES
8435025,166262,Dipsacus fullonum L.,Plantae,SPECIES
163302895,166721,"Tadorna ferruginea (Pallas, 1764)",Animalia,SPECIES
163302897,166240,"Cygnus atratus (Latham, 1790)",Animalia,SPECIES
163302898,166171,Cephalaria transsylvanica (L.) Schrad. ex Roem. & Schult.,Plantae,SPECIES
163302899,166130,"Branta canadensis (Linnaeus, 1758)",Animalia,SPECIES
163302900,166656,Scabiosa columbaria L.,Plantae,SPECIES
163302901,166067,Anser caerulescens caerulescens,Animalia,SUBSPECIES
163302902,166763,Valerianella eriocarpa Desv.,Plantae,SPECIES
163302903,166068,"Anser indicus (Latham, 1790)",Animalia,SPECIES
163302904,166764,Valerianella rimosa Bastard,Plantae,SPECIES
163302905,166031,"Aix sponsa (Linnaeus, 1758)",Animalia,SPECIES
163302906,166716,Symphoricarpos albus var. laevigatus (Fernald) S.F.Blake,Plantae,VARIETY
163302907,166030,"Aix galericulata (Linnaeus, 1758)",Animalia,SPECIES
163302908,166413,Lonicera caprifolium L.,Plantae,SPECIES
163302910,166412,Lonicera caerulea var. caerulea,Plantae,VARIETY
163302913,166415,Lonicera tatarica L.,Plantae,SPECIES
163302914,166414,Lonicera periclymenum L.,Plantae,SPECIES
163302915,166534,"Perccottus glenii Dybowski, 1877",Animalia,SPECIES
163302919,166470,"Morone saxatilis (Walbaum, 1792)",Animalia,SPECIES
163302920,166729,Thladiantha dubia Bunge,Plantae,SPECIES
163302922,166266,Echinocystis lobata (Michx.) Torr. & A.Gray,Plantae,SPECIES
163302923,166483,"Neogobius melanostomus (Pallas, 1814)",Animalia,SPECIES
163302924,166144,Bryonia alba L.,Plantae,SPECIES
163302928,166708,"Stenodus leucichthys (Güldenstädt, 1772)",Animalia,SPECIES
163302930,166644,"Salvelinus alpinus (Linnaeus, 1758)",Animalia,SPECIES
163302932,166645,"Salvelinus fontinalis (Mitchill, 1814)",Animalia,SPECIES
163302933,166237,Cuscuta campestris Yunck.,Plantae,SPECIES
163302934,166501,"Oncorhynchus keta (Walbaum, 1792)",Animalia,SPECIES
163302936,166502,"Oncorhynchus kisutch (Walbaum, 1792)",Animalia,SPECIES
163302938,166503,"Oncorhynchus mykiss (Walbaum, 1792)",Animalia,SPECIES
5581168,166549,Physalis philadelphica subsp. ixocarpa (Brot. ex Hornem.) Sobr.-Vesp. & Sanz-Elorza,Plantae,SUBSPECIES
163302940,166500,"Oncorhynchus gorbuscha (Walbaum, 1792)",Animalia,SPECIES
163302943,166420,Lycium barbarum L.,Plantae,SPECIES
163302946,166478,"Mylopharyngodon piceus (Richardson, 1846)",Animalia,SPECIES
163302947,166362,"Hypophthalmichthys molitrix (Valenciennes, 1844)",Animalia,SPECIES
2929800,166690,Solanum angustifolium Houst. ex Mill.,Plantae,SPECIES
163302949,166363,"Hypophthalmichthys nobilis (Richardson, 1845)",Animalia,SPECIES
163302951,166243,"Cyprinus carpio Linnaeus, 1758",Animalia,SPECIES
163302952,166692,Solanum villosum Mill.,Plantae,SPECIES
163302953,166236,"Ctenopharyngodon idella (Valenciennes, 1844)",Animalia,SPECIES
163302954,166691,Solanum sisymbriifolium Lam.,Plantae,SPECIES
163302955,166157,"Carassius gibelio (Bloch, 1782)",Animalia,SPECIES
163302956,166657,Scopolia carniolica Jacq.,Plantae,SPECIES
163302958,166486,Nicandra physalodes (L.) Gaertn.,Plantae,SPECIES
163302962,166361,Hyoscyamus niger L.,Plantae,SPECIES
4287131,166014,"Acipenser baerii Brandt, 1869",Animalia,SPECIES
163302964,166245,Datura stramonium L.,Plantae,SPECIES
163302965,166358,"Huso huso (Linnaeus, 1758)",Animalia,SPECIES
2928753,166246,Datura stramonium var. tatula (L.) Torr.,Plantae,VARIETY
163302967,166016,"Acipenser ruthenus Linnaeus, 1758",Animalia,SPECIES
163302968,166154,Capsicum annuum L.,Plantae,SPECIES
163302969,166015,"Acipenser gueldenstaedtii Brandt & Ratzeburg, 1833",Animalia,SPECIES
163302972,166770,Verbena officinalis L.,Plantae,SPECIES
163302975,166766,Verbascum densiflorum Bertol.,Plantae,SPECIES
163302976,166769,Verbascum phoeniceum L.,Plantae,SPECIES
163302977,166765,Verbascum blattaria L.,Plantae,SPECIES
163302978,166768,Verbascum phlomoides L.,Plantae,SPECIES
163302979,166767,Verbascum lychnitis L.,Plantae,SPECIES
7346102,166467,Erythranthe guttata (DC.) G.L.Nesom,Plantae,SPECIES
163302984,166719,Syringa vulgaris L.,Plantae,SPECIES
163302985,166404,Ligustrum vulgare L.,Plantae,SPECIES
163302986,166309,Fraxinus angustifolia Vahl,Plantae,SPECIES
163302987,166310,Fraxinus pennsylvanica Marshall,Plantae,SPECIES
3172348,166311,Fraxinus pennsylvanica Marshall,Plantae,SPECIES
163302989,166307,Forsythia suspensa (Thunb.) Vahl,Plantae,SPECIES
163302992,166468,Misopates orontium (L.) Raf.,Plantae,SPECIES
163302994,166558,Plantago arenaria Waldst. & Kit.,Plantae,SPECIES
163302996,166409,Linaria repens (L.) Mill.,Plantae,SPECIES
10763872,166773,Veronica austriaca subsp. jacquinii (Baumg.) Watzl,Plantae,SUBSPECIES
163302999,166771,Veronica filiformis Sm.,Plantae,SPECIES
163303000,166772,Veronica incana L.,Plantae,SPECIES
163303001,166774,Veronica prostrata L.,Plantae,SPECIES
163303002,166408,Linaria genistifolia (L.) Mill.,Plantae,SPECIES
163303003,166257,Digitalis purpurea L.,Plantae,SPECIES
163303006,166459,Mentha ×piperita L.,Plantae,SPECIES
2927192,166461,Mentha arvensis L.,Plantae,SPECIES
3887893,166439,Marrubium anisodon K.Koch,Plantae,SPECIES
163303012,166393,Leonurus quinquelobatus Gilib.,Plantae,SPECIES
5341447,166733,Thymus pannonicus All.,Plantae,SPECIES
163303016,166647,Salvia nutans L.,Plantae,SPECIES
163303018,166273,Elsholtzia ciliata (Thunb.) Hyl.,Plantae,SPECIES
163303019,166706,Stachys recta L.,Plantae,SPECIES
163303020,166705,Stachys annua (L.) L.,Plantae,SPECIES
163303021,166669,Sideritis montana L.,Plantae,SPECIES
163303022,166726,Teucrium chamaedrys L.,Plantae,SPECIES
163303023,166646,Salvia nemorosa L.,Plantae,SPECIES
163303024,166648,Salvia pratensis L.,Plantae,SPECIES
163303025,166649,Salvia reflexa Hornem.,Plantae,SPECIES
163303026,166650,Salvia verticillata L.,Plantae,SPECIES
163303027,166485,Nepeta cataria L.,Plantae,SPECIES
163303028,166440,Marrubium vulgare L.,Plantae,SPECIES
163303029,166460,Mentha spicata L.,Plantae,SPECIES
7510173,166458,Mentha longifolia (L.) L.,Plantae,SPECIES
163303031,166457,Melissa officinalis L.,Plantae,SPECIES
163303032,166364,Hyssopus officinalis L.,Plantae,SPECIES
163303033,166392,Leonurus cardiaca L.,Plantae,SPECIES
163303034,166264,Dracocephalum thymiflorum L.,Plantae,SPECIES
163303035,166182,Chaiturus marrubiastrum (L.) Ehrh. ex Rchb.,Plantae,SPECIES
163303036,166119,Ballota nigra L.,Plantae,SPECIES
3882777,166118,Ballota nigra subsp. foetida (Vis.) Hayek,Plantae,SUBSPECIES
163303040,166086,Aristolochia clematitis L.,Plantae,SPECIES
163303043,166562,Polemonium caeruleum L.,Plantae,SPECIES
2882841,166519,Vaccinium macrocarpon Aiton,Plantae,SPECIES
163303047,166609,Rhododendron ponticum L.,Plantae,SPECIES
163303049,166365,Impatiens glandulifera Royle,Plantae,SPECIES
163303050,166366,Impatiens parviflora DC.,Plantae,SPECIES
7290697,166585,Primula elatior subsp. elatior,Plantae,SUBSPECIES
8368021,166059,Lysimachia foemina (Mill.) U.Manns & Anderb.,Plantae,SPECIES
4005907,166061,Androsace maxima subsp. caucasica (Kusn.) Fed.,Plantae,SUBSPECIES
163303057,166060,Androsace maxima L.,Plantae,SPECIES
3036157,166340,Hedera hibernica (G.Kirchn.) Carrière,Plantae,SPECIES
163303062,166339,Hedera helix f. helix,Plantae,FORM
5538108,166541,Imperatoria ostruthium L.,Plantae,SPECIES
163303067,166788,Visnaga daucoides Gaertn.,Plantae,SPECIES
163303069,166758,Turgenia latifolia (L.) Hoffm.,Plantae,SPECIES
163303071,166075,Anthriscus caucalis M.Bieb.,Plantae,SPECIES
163303073,166165,Caucalis platycarpos L.,Plantae,SPECIES
163303074,166540,Peucedanum officinale L.,Plantae,SPECIES
163303075,166481,Myrrhis odorata (L.) Scop.,Plantae,SPECIES
163303076,166403,Levisticum officinale W.D.J.Koch,Plantae,SPECIES
163303077,166302,Falcaria vulgaris Bernh.,Plantae,SPECIES
163303078,166306,Foeniculum vulgare Mill.,Plantae,SPECIES
163303079,166346,Heracleum sosnowskyi Manden.,Plantae,SPECIES
163303080,166288,Eryngium planum L.,Plantae,SPECIES
163303081,166180,Chaerophyllum aureum L.,Plantae,SPECIES
163303082,166181,Chaerophyllum bulbosum L.,Plantae,SPECIES
163303083,166146,Bupleurum rotundifolium L.,Plantae,SPECIES
163303084,166125,Bifora radians M.Bieb.,Plantae,SPECIES
163303085,166076,Anthriscus cerefolium (L.) Hoffm.,Plantae,SPECIES
163303086,166062,Anethum graveolens L.,Plantae,SPECIES
163303087,166056,Ammi majus L.,Plantae,SPECIES
163303090,166542,Phacelia tanacetifolia Benth.,Plantae,SPECIES
163303093,166380,Lappula squarrosa (Retz.) Dumort.,Plantae,SPECIES
2925870,166058,Amsinckia menziesii (Lehm.) A.Nelson & J.F.Macbr.,Plantae,SPECIES
163303096,166717,Symphytum asperum Lepech.,Plantae,SPECIES
163303097,166480,Myosotis sylvatica Ehrh. ex Hoffm.,Plantae,SPECIES
163303098,166489,Nonea pulla (L.) DC.,Plantae,SPECIES
163303099,166499,Omphalodes verna Moench,Plantae,SPECIES
163303100,166177,Cerinthe major L.,Plantae,SPECIES
163303101,166178,Cerinthe minor L.,Plantae,SPECIES
163303102,166129,Borago officinalis L.,Plantae,SPECIES
163303106,166505,Onobrychis viciifolia Scop.,Plantae,SPECIES
2965531,166447,Medicago polymorpha L.,Plantae,SPECIES
2965367,166450,Medicago falcata subsp. falcata,Plantae,SUBSPECIES
163303112,166445,Medicago arabica (L.) Huds.,Plantae,SPECIES
5347846,166557,Lathyrus oleraceus Lam.,Plantae,SPECIES
163303116,166520,Oxytropis pilosa (L.) DC.,Plantae,SPECIES
5359662,166328,Glycine max subsp. soja (Siebold & Zucc.) H.Ohashi,Plantae,SUBSPECIES
163303119,166327,Glycine max (L.) Merr.,Plantae,SPECIES
7302638,166743,Trifolium pratense subsp. pratense,Plantae,SUBSPECIES
2974921,166783,Vicia villosa subsp. varia (Host) Corb.,Plantae,SUBSPECIES
2965226,166751,Medicago monantha (C.A.Mey.) Trautv.,Plantae,SPECIES
8324121,166748,Trifolium pratense L.,Plantae,SPECIES
163303129,166747,Trifolium retusum L.,Plantae,SPECIES
8271282,166776,Vicia sativa subsp. cordata (Wulfen ex Hoppe) Batt.,Plantae,SUBSPECIES
5354656,166654,Cytisus scoparius (L.) Link,Plantae,SPECIES
5344472,166103,Astragalus filicaulis Kar. & Kir.,Plantae,SPECIES
163303136,166777,Vicia dumetorum L.,Plantae,SPECIES
163303137,166779,Vicia lutea L.,Plantae,SPECIES
163303138,166778,Vicia grandiflora Scop.,Plantae,SPECIES
163303139,166780,Vicia pannonica Crantz,Plantae,SPECIES
163303140,166781,Vicia pisiformis L.,Plantae,SPECIES
163303141,166782,Vicia sativa L.,Plantae,SPECIES
163303143,166183,Chamaecytisus ratisbonensis (Schaeff.) Rothm.,Plantae,SPECIES
163303144,166057,Amorpha fruticosa L.,Plantae,SPECIES
163303145,166102,Astragalus cicer L.,Plantae,SPECIES
163303146,166155,Caragana arborescens Lam.,Plantae,SPECIES
163303147,166156,Caragana frutex (L.) K.Koch,Plantae,SPECIES
163303148,166319,Genista pilosa L.,Plantae,SPECIES
163303149,166320,Genista tinctoria L.,Plantae,SPECIES
163303150,166314,Galega orientalis Lam.,Plantae,SPECIES
163303151,166386,Lathyrus sativus L.,Plantae,SPECIES
163303152,166387,Lathyrus tingitanus L.,Plantae,SPECIES
163303153,166388,Lathyrus tuberosus L.,Plantae,SPECIES
163303154,166383,Lathyrus aphaca L.,Plantae,SPECIES
163303155,166384,Lathyrus hirsutus L.,Plantae,SPECIES
163303156,166385,Lathyrus pannonicus (Jacq.) Garcke,Plantae,SPECIES
8073758,166448,Medicago minima (L.) Bartal.,Plantae,SPECIES
163303158,166449,Medicago prostrata Jacq.,Plantae,SPECIES
163303159,166451,Medicago sativa L.,Plantae,SPECIES
163303160,166452,Medicago ×varia Martyn,Plantae,SPECIES
8349589,166455,Melilotus dentatus (Waldst. & Kit.) Desf.,Plantae,SPECIES
163303162,166454,Melilotus altissimus Thuill.,Plantae,SPECIES
163303163,166456,Melilotus wolgicus Poir.,Plantae,SPECIES
163303164,166446,Medicago cancellata M.Bieb.,Plantae,SPECIES
163303165,166416,Lupinus polyphyllus Lindl.,Plantae,SPECIES
163303166,166509,Ornithopus sativus Brot.,Plantae,SPECIES
6593197,166615,Robinia neomexicana var. neomexicana,Plantae,VARIETY
163303168,166614,Robinia ×ambigua Poir.,Plantae,SPECIES
163303169,166617,Robinia viscosa Michx. ex Vent.,Plantae,SPECIES
163303170,166616,Robinia pseudoacacia L.,Plantae,SPECIES
163303171,166742,Trifolium echinatum M.Bieb.,Plantae,SPECIES
163303172,166741,Trifolium angustifolium L.,Plantae,SPECIES
163303173,166740,Trifolium angulatum Waldst. & Kit.,Plantae,SPECIES
163303174,166750,Trigonella caerulea (L.) Ser.,Plantae,SPECIES
163303175,166749,Trifolium striatum L.,Plantae,SPECIES
163303176,166746,Trifolium lupinaster L.,Plantae,SPECIES
163303177,166745,Trifolium incarnatum L.,Plantae,SPECIES
163303178,166744,Trifolium hybridum L.,Plantae,SPECIES
163303181,166603,Reseda alba L.,Plantae,SPECIES
163303182,166605,Reseda luteola L.,Plantae,SPECIES
163303183,166604,Reseda lutea L.,Plantae,SPECIES
7740944,166443,Matthiola longipetala subsp. bicornis (Sm.) P.W.Ball,Plantae,SUBSPECIES
163303188,166350,Hirschfeldia incana (L.) Lagr.-Foss.,Plantae,SPECIES
163303190,166425,Malcolmia africana (L.) R.Br.,Plantae,SPECIES
3688425,166730,Noccaea alpestris (Jacq.) Kerguélen,Plantae,SPECIES
3046744,166685,Sisymbrium volgense M.Bieb. ex E.Fourn.,Plantae,SPECIES
163303196,166684,Sisymbrium polymorphum (Murray) Roth,Plantae,SPECIES
3045042,166040,Alyssum simplex Rudolphi,Plantae,SPECIES
3044855,166039,Alyssum alyssoides (L.) L.,Plantae,SPECIES
5376627,166217,Lepidium coronopus (L.) Al-Shehbaz,Plantae,SPECIES
5377060,166216,Lepidium didymum L.,Plantae,SPECIES
163303206,166260,Diplotaxis muralis (L.) DC.,Plantae,SPECIES
163303208,166261,Diplotaxis tenuifolia (L.) DC.,Plantae,SPECIES
5375920,166284,Eruca vesicaria (L.) Cav.,Plantae,SPECIES
3042889,166285,Brassica elongata subsp. integrifolia (Boiss.) Breistr.,Plantae,SUBSPECIES
163303214,166290,Erysimum cuspidatum (M.Bieb.) DC.,Plantae,SPECIES
3048613,166291,Erysimum marschallianum Andrz. ex M.Bieb.,Plantae,SPECIES
163303218,166286,Erucastrum gallicum (Willd.) O.E.Schulz,Plantae,SPECIES
163303220,166289,Erysimum canescens Roth,Plantae,SPECIES
163303222,166294,Euclidium syriacum (L.) W.T.Aiton,Plantae,SPECIES
163303224,166132,Brassica juncea (L.) Czern.,Plantae,SPECIES
7903057,166131,Brassica rapa L.,Plantae,SPECIES
163303228,166133,Brassica nigra (L.) W.D.J.Koch,Plantae,SPECIES
163303230,166149,Camelina sativa (L.) Crantz,Plantae,SPECIES
5376961,166159,Lepidium draba L.,Plantae,SPECIES
163303234,166199,Chorispora tenella (Pall.) DC.,Plantae,SPECIES
163303236,166206,Conringia orientalis (L.) Dumort.,Plantae,SPECIES
163303237,166683,Sisymbrium orientale L.,Plantae,SPECIES
163303238,166682,Sisymbrium loeselii L.,Plantae,SPECIES
163303239,166681,Sisymbrium altissimum L.,Plantae,SPECIES
163303240,166041,Alyssum turkestanicum Regel & Schmalh.,Plantae,SPECIES
163303241,166087,"Armoracia rusticana P.Gaertn., B.Mey. & Scherb.",Plantae,SPECIES
163303242,166080,Arabis alpina L.,Plantae,SPECIES
163303243,166145,Bunias orientalis L.,Plantae,SPECIES
163303244,166147,Camelina microcarpa Andrz. ex DC.,Plantae,SPECIES
3042416,166148,Camelina microcarpa Andrz. ex DC.,Plantae,SPECIES
163303246,166287,Erucastrum nasturtiifolium (Poir.) O.E.Schulz,Plantae,SPECIES
163303247,166292,Erysimum hieraciifolium L.,Plantae,SPECIES
163303248,166293,Erysimum repandum L.,Plantae,SPECIES
163303249,166263,Draba sibirica (Pall.) Thell.,Plantae,SPECIES
163303250,166347,Hesperis matronalis L.,Plantae,SPECIES
163303251,166395,Lepidium densiflorum Schrad.,Plantae,SPECIES
163303252,166394,Lepidium campestre (L.) W.T.Aiton,Plantae,SPECIES
163303253,166397,Lepidium perfoliatum L.,Plantae,SPECIES
163303254,166396,Lepidium latifolium L.,Plantae,SPECIES
163303255,166399,Lepidium sativum L.,Plantae,SPECIES
163303256,166398,Lepidium pinnatifidum Ledeb.,Plantae,SPECIES
163303257,166400,Lepidium virginicum L.,Plantae,SPECIES
163303259,166444,Matthiola incana (L.) W.T.Aiton,Plantae,SPECIES
163303260,166475,Myagrum perfoliatum L.,Plantae,SPECIES
163303261,166598,Rapistrum perenne (L.) All.,Plantae,SPECIES
163303262,166599,Rapistrum rugosum (L.) All.,Plantae,SPECIES
163303263,166618,Rorippa austriaca (Crantz) Besser,Plantae,SPECIES
163303264,166680,Sinapis alba L.,Plantae,SPECIES
163303267,166759,Ulmus minor Mill.,Plantae,SPECIES
7303591,166760,Ulmus minor subsp. minor,Plantae,SUBSPECIES
163303269,166761,Ulmus pumila L.,Plantae,SPECIES
3039269,166271,Elaeagnus angustifolia L.,Plantae,SPECIES
163303273,166349,Hippophae rhamnoides L.,Plantae,SPECIES
163303274,166270,Elaeagnus angustifolia L.,Plantae,SPECIES
163303276,166153,Cannabis sativa L.,Plantae,SPECIES
3021850,166522,Prunus serotina Ehrh.,Plantae,SPECIES
163303281,166429,Malus domestica (Suckow) Borkh.,Plantae,SPECIES
163303283,166704,Spiraea ×pseudosalicifolia Silverside,Plantae,SPECIES
3021730,166587,Prunus cerasifera Ehrh.,Plantae,SPECIES
3004747,166624,Rosa gorenkensis Besser,Plantae,SPECIES
3002333,166627,Rosa spinosissima L.,Plantae,SPECIES
3000723,166579,Sibbaldianthe bifurca (L.) Kurtto & T.Erikss.,Plantae,SPECIES
5365888,166580,Potentilla inclinata Vill.,Plantae,SPECIES
7960595,166581,Potentilla thuringiaca Bernh. ex Link,Plantae,SPECIES
7925720,166584,Poterium sanguisorba subsp. polygamum (Waldst. & Kit.) Asch. & Graebn.,Plantae,SUBSPECIES
163303301,166088,Aronia ×prunifolia (Marshall) Rehder,Plantae,SPECIES
163303303,166225,Crataegus flabellata (Bosc ex Spach) K.Koch,Plantae,SPECIES
8350369,166308,Fragaria moschata Duchesne,Plantae,SPECIES
3020791,166175,Prunus avium (L.) L.,Plantae,SPECIES
163303308,166700,Spiraea douglasii Hook.,Plantae,SPECIES
6287826,166703,Spiraea douglasii subsp. menziesii (Hook.) Calder & Taylor,Plantae,SUBSPECIES
163303310,166699,Spiraea chamaedryfolia L.,Plantae,SPECIES
163303311,166702,Spiraea media Schmidt,Plantae,SPECIES
3026842,166701,Spiraea alba var. latifolia (Aiton) Dippel,Plantae,VARIETY
3023903,166055,Amelanchier humilis Wiegand,Plantae,SPECIES
163303314,166179,Chaenomeles japonica (Thunb.) Lindl. ex Spach,Plantae,SPECIES
163303315,166221,Cotoneaster multiflorus Bunge,Plantae,SPECIES
3025770,166220,Cotoneaster acutifolius Turcz.,Plantae,SPECIES
163303317,166224,Crataegus douglasii Lindl.,Plantae,SPECIES
163303318,166227,Crataegus monogyna Jacq.,Plantae,SPECIES
9220780,166223,Crataegus monogyna Jacq.,Plantae,SPECIES
163303320,166226,Crataegus media Bechst.,Plantae,SPECIES
3013716,166229,Crataegus ×uhrovae So,Plantae,SPECIES
163303322,166228,Crataegus submollis Sarg.,Plantae,SPECIES
163303323,166426,Malus ×purpurea (A.Barbier) Rehder,Plantae,SPECIES
163303324,166430,Malus mandshurica (Maxim.) Kom.,Plantae,SPECIES
4272229,166431,Malus mandshurica (Maxim.) Kom.,Plantae,SPECIES
163303326,166428,Malus ×dasyphylla Borkh.,Plantae,SPECIES
163303327,166427,Malus baccata (L.) Borkh.,Plantae,SPECIES
163303328,166595,Pyrus communis L.,Plantae,SPECIES
163303329,166619,Rosa acicularis Lindl.,Plantae,SPECIES
163303330,166621,Rosa canina var. canina,Plantae,VARIETY
163303331,166620,Rosa ×alba L.,Plantae,SPECIES
2994229,166632,Rubus nutkanus Moc. ex Ser.,Plantae,SPECIES
163303333,166630,Rosa rugosa Thunb.,Plantae,SPECIES
163303334,166631,Rubus odoratus L.,Plantae,SPECIES
163303335,166626,Rosa multiflora Thunb.,Plantae,SPECIES
163303336,166625,Rosa majalis Herrm.,Plantae,SPECIES
163303337,166622,Rosa glabrifolia C.A.Mey. ex Rupr.,Plantae,SPECIES
3010499,166629,Rosa glabrifolia C.A.Mey. ex Rupr.,Plantae,SPECIES
163303339,166623,Rosa glauca Pourr.,Plantae,SPECIES
163303340,166552,Physocarpus opulifolius (L.) Maxim.,Plantae,SPECIES
163303341,166588,Prunus domestica L.,Plantae,SPECIES
7409013,166589,Prunus domestica subsp. insititia (L.) Bonnier & Layens,Plantae,SUBSPECIES
163303344,166583,Potentilla supina L.,Plantae,SPECIES
163303345,166582,Potentilla recta L.,Plantae,SPECIES
163303346,166698,Spiraea alba Du Roi,Plantae,SPECIES
163303347,166695,Sorbaria sorbifolia (L.) A.Braun,Plantae,SPECIES
163303350,166577,Portulaca oleracea L.,Plantae,SPECIES
163303353,166539,Petrorhagia saxifraga (L.) Link,Plantae,SPECIES
163303355,166337,Gypsophila perfoliata L.,Plantae,SPECIES
5384741,166419,Silene coronaria (L.) Clairv.,Plantae,SPECIES
5584611,166418,Silene chalcedonica (L.) E.H.L.Krause,Plantae,SPECIES
8091998,166762,Gypsophila vaccaria (L.) Sm.,Plantae,SPECIES
7268098,166670,Atocion armeria (L.) Raf.,Plantae,SPECIES
8111132,166678,Silene wolgensis (Hornem.) Otth,Plantae,SPECIES
10896917,166677,Silene italica subsp. italica,Plantae,SUBSPECIES
3085418,166255,Dianthus chinensis L.,Plantae,SPECIES
3085418,166254,Dianthus chinensis L.,Plantae,SPECIES
5384777,166676,Silene repens Patrin ex Pers.,Plantae,SPECIES
163303374,166675,Silene procumbens Murray,Plantae,SPECIES
163303375,166674,Silene pendula L.,Plantae,SPECIES
163303376,166673,Silene multiflora (Ehrh.) Pers.,Plantae,SPECIES
163303377,166672,Silene gallica L.,Plantae,SPECIES
163303378,166671,Silene conica L.,Plantae,SPECIES
163303379,166653,Saponaria officinalis L.,Plantae,SPECIES
163303380,166351,Holosteum umbellatum L.,Plantae,SPECIES
163303381,166336,Gypsophila paniculata L.,Plantae,SPECIES
163303382,166335,Gypsophila elegans M.Bieb.,Plantae,SPECIES
163303383,166253,Dianthus barbatus L.,Plantae,SPECIES
163303384,166174,Cerastium tomentosum L.,Plantae,SPECIES
163303385,166172,Cerastium biebersteinii DC.,Plantae,SPECIES
5383936,166374,Bassia scoparia (L.) A.J.Scott,Plantae,SPECIES
7788974,166373,Bassia scoparia var. subvillosa (Moq.) Buttler,Plantae,VARIETY
163303391,166642,Salsola australis R.Br.,Plantae,SPECIES
163303393,166643,Salsola collina Pall.,Plantae,SPECIES
5384390,166047,Amaranthus cruentus L.,Plantae,SPECIES
163303397,166044,Amaranthus blitum L.,Plantae,SPECIES
163303399,166105,Atriplex micrantha Ledeb.,Plantae,SPECIES
7520244,166120,Sedobassia sedoides (Pall.) Freitag & G.Kadereit,Plantae,SPECIES
163303403,166108,Atriplex sagittata Borkh.,Plantae,SPECIES
3083888,166185,Teloxys aristata (L.) Moq.,Plantae,SPECIES
8044896,166186,Blitum bonus-henricus (L.) Rchb.,Plantae,SPECIES
163303408,166048,Amaranthus powellii S.Watson,Plantae,SPECIES
163303409,166046,Amaranthus palmeri S.Watson,Plantae,SPECIES
163303410,166045,Amaranthus caudatus L.,Plantae,SPECIES
163303411,166043,Amaranthus blitoides S.Watson,Plantae,SPECIES
163303412,166042,Amaranthus albus L.,Plantae,SPECIES
163303413,166051,Amaranthus standleyanus Parodi ex Covas,Plantae,SPECIES
163303414,166050,Amaranthus spinosus L.,Plantae,SPECIES
163303415,166049,Amaranthus retroflexus L.,Plantae,SPECIES
163303416,166116,Axyris amaranthoides L.,Plantae,SPECIES
163303417,166106,Atriplex oblongifolia Waldst. & Kit.,Plantae,SPECIES
163303418,166107,Atriplex rosea L.,Plantae,SPECIES
163303419,166109,Atriplex schugnanica Iljin,Plantae,SPECIES
163303420,166110,Atriplex sibirica L.,Plantae,SPECIES
163303421,166111,Atriplex tatarica L.,Plantae,SPECIES
163303422,166104,Atriplex hortensis L.,Plantae,SPECIES
163303423,166191,Chenopodium opulifolium Schrad. ex W.D.J.Koch & Ziz,Plantae,SPECIES
163303424,166192,Chenopodium pratericola Rydb.,Plantae,SPECIES
163303425,166189,Chenopodium ficifolium Sm.,Plantae,SPECIES
163303426,166196,Chenopodium vulvaria L.,Plantae,SPECIES
163303427,166193,Chenopodium quinoa Willd.,Plantae,SPECIES
163303428,166184,Chenopodium acuminatum Willd.,Plantae,SPECIES
3760713,166195,Chenopodium acuminatum Willd.,Plantae,SPECIES
163303430,166213,Corispermum hyssopifolium L.,Plantae,SPECIES
6285693,166215,Corispermum aralocaspicum Iljin,Plantae,SPECIES
163303432,166563,Polycnemum arvense L.,Plantae,SPECIES
163303433,166713,Suaeda salsa (L.) Pall.,Plantae,SPECIES
163303434,166711,Suaeda corniculata (C.A.Mey.) Bunge,Plantae,SPECIES
163303435,166712,Suaeda maritima (L.) Dumort.,Plantae,SPECIES
3083975,166214,Corispermum pallasii Steven,Plantae,SPECIES
5568322,166194,Dysphania schraderiana (Schult.) Mosyakin & Clemants,Plantae,SPECIES
8336376,166190,Blitum virgatum subsp. virgatum,Plantae,SUBSPECIES
7507099,166188,Blitum capitatum subsp. capitatum,Plantae,SUBSPECIES
5568428,166187,Dysphania botrys (L.) Mosyakin & Clemants,Plantae,SPECIES
163303448,166537,Persicaria orientalis (L.) Spach,Plantae,SPECIES
163303450,166606,Reynoutria japonica Houtt.,Plantae,SPECIES
163303452,166607,Reynoutria sachalinensis (F.Schmidt) Nakai,Plantae,SPECIES
163303454,166564,Polygonum bellardii All.,Plantae,SPECIES
163303456,166565,Polygonum cognatum Meisn.,Plantae,SPECIES
8336551,166567,Polygonum arenarium subsp. pulchellum (Loisel.) Thell.,Plantae,SUBSPECIES
163303460,166636,Rumex palustris Sm.,Plantae,SPECIES
163303462,166638,Rumex triangulivalvis (Danser) Rech.fil.,Plantae,SPECIES
8811572,166020,Koenigia weyrichii (F.Schmidt) T.M.Schust. & Reveal,Plantae,SPECIES
8720751,166019,Koenigia divaricata (L.) T.M.Schust. & Reveal,Plantae,SPECIES
9020499,166018,Koenigia alpina (All.) T.M.Schust. & Reveal,Plantae,SPECIES
163303469,166566,Polygonum patulum M.Bieb.,Plantae,SPECIES
163303470,166635,Rumex confertus Willd.,Plantae,SPECIES
163303471,166637,Rumex stenophyllus Ledeb.,Plantae,SPECIES
163303472,166300,Fagopyrum esculentum Moench,Plantae,SPECIES
163303473,166301,Fagopyrum tataricum (L.) Gaertn.,Plantae,SPECIES
163303477,166326,Glaucium corniculatum (L.) Rudolph,Plantae,SPECIES
163303478,166528,Papaver somniferum L.,Plantae,SPECIES
163303479,166527,Papaver rhoeas L.,Plantae,SPECIES
163303480,166423,Macleaya ×kewensis Turrill,Plantae,SPECIES
163303484,166123,Berberis thunbergii DC.,Plantae,SPECIES
3033543,166202,Clematis recta L.,Plantae,SPECIES
3033833,166207,Delphinium ajacis L.,Plantae,SPECIES
3033833,166208,Delphinium ajacis L.,Plantae,SPECIES
163303493,166596,Ranunculus arvensis L.,Plantae,SPECIES
163303494,166597,Ranunculus illyricus L.,Plantae,SPECIES
163303495,166487,Nigella sativa L.,Plantae,SPECIES
163303496,166079,Aquilegia vulgaris L.,Plantae,SPECIES
163303497,166017,Aconitum napellus L.,Plantae,SPECIES
163303500,166341,Helianthemum nummularium (L.) Mill.,Plantae,SPECIES
7428145,166390,Malva thuringiaca subsp. thuringiaca,Plantae,SUBSPECIES
3940326,166391,Malva trimestris (L.) Salisb.,Plantae,SPECIES
163303506,166734,Tilia platyphyllos Scop.,Plantae,SPECIES
163303507,166432,Malva alcea L.,Plantae,SPECIES
163303508,166433,Malva moschata L.,Plantae,SPECIES
163303509,166434,Malva sylvestris L.,Plantae,SPECIES
163303510,166435,Malva verticillata L.,Plantae,SPECIES
163303511,166348,Hibiscus trionum L.,Plantae,SPECIES
163303512,166037,Althaea officinalis L.,Plantae,SPECIES
163303513,166032,Alcea rosea L.,Plantae,SPECIES
163303516,166610,Rhus typhina L.,Plantae,SPECIES
163303518,166025,Aesculus hippocastanum L.,Plantae,SPECIES
163303519,166009,Acer pseudoplatanus L.,Plantae,SPECIES
163303520,166010,Acer tataricum L.,Plantae,SPECIES
163303521,166006,Acer campestre L.,Plantae,SPECIES
163303522,166007,Acer negundo L.,Plantae,SPECIES
163303526,166553,Phyteuma nigrum F.W.Schmidt,Plantae,SPECIES
163303527,166151,Campanula rapunculus L.,Plantae,SPECIES
3141855,166556,Helminthotheca echioides (L) Holub,Plantae,SPECIES
3117449,166544,Erigeron annuus (L.) Pers.,Plantae,SPECIES
163303534,166538,"Petasites hybridus (L.) G.Gaertn., B.Mey. & Scherb.",Plantae,SPECIES
163303536,166377,Lactuca sibirica (L.) Benth. ex Maxim.,Plantae,SPECIES
163303538,166378,Lactuca tatarica (L.) C.A.Mey.,Plantae,SPECIES
3132567,166316,Galinsoga quadriradiata Cav.,Plantae,SPECIES
163303542,166332,Grindelia squarrosa (Pursh) Dunal,Plantae,SPECIES
8370958,166442,Matricaria chamomilla L.,Plantae,SPECIES
3103791,166441,Matricaria discoidea DC.,Plantae,SPECIES
3103791,166401,Matricaria discoidea DC.,Plantae,SPECIES
163303550,166679,Silybum marianum (L.) Gaertn.,Plantae,SPECIES
163303552,166694,Solidago gigantea Aiton,Plantae,SPECIES
4225554,166790,Xanthium orientale var. albinum (Widder) Adema & M.T.Jansen,Plantae,VARIETY
163303556,166665,Senecio sarracenicus L.,Plantae,SPECIES
163303558,166655,Saussurea amara (L.) DC.,Plantae,SPECIES
163303560,166053,Ambrosia psilostachya DC.,Plantae,SPECIES
10676000,166022,Leuzea repens (L.) D.J.N.Hind,Plantae,SPECIES
163303564,166101,Aster salignus L.,Plantae,SPECIES
163303566,166096,Artemisia tournefortiana Rchb.,Plantae,SPECIES
8271521,166097,Artemisia umbrosa Turcz. ex DC.,Plantae,SPECIES
7222925,166093,Artemisia ludoviciana subsp. ludoviciana,Plantae,SUBSPECIES
163303571,166791,Xanthium spinosum L.,Plantae,SPECIES
163303572,166792,Xanthium strumarium L.,Plantae,SPECIES
163303574,166239,Cyclachaena xanthiifolia (Nutt.) Fresen.,Plantae,SPECIES
163303576,166280,Erigeron annuus (L.) Pers.,Plantae,SPECIES
7066336,166313,Galatella sedifolia subsp. sedifolia,Plantae,SUBSPECIES
163303580,166124,Bidens frondosa L.,Plantae,SPECIES
3141101,166200,Glebionis segetum (L.) Fourr.,Plantae,SPECIES
3146791,166209,Erigeron canadensis L.,Plantae,SPECIES
163303585,166693,Solidago canadensis L.,Plantae,SPECIES
163303586,166722,Telekia speciosa (Schreb.) Baumg.,Plantae,SPECIES
163303587,166633,Rudbeckia hirta L.,Plantae,SPECIES
163303588,166634,Rudbeckia laciniata L.,Plantae,SPECIES
163303589,166506,Onopordum acanthium L.,Plantae,SPECIES
163303590,166012,Achillea micrantha Willd.,Plantae,SPECIES
163303591,166013,Achillea nobilis L.,Plantae,SPECIES
163303592,166054,Ambrosia trifida L.,Plantae,SPECIES
163303593,166052,Ambrosia artemisiifolia L.,Plantae,SPECIES
163303594,166071,Anthemis ruthenica M.Bieb.,Plantae,SPECIES
163303595,166070,Anthemis cotula L.,Plantae,SPECIES
163303596,166089,Artemisia abrotanum L.,Plantae,SPECIES
163303597,166092,Artemisia austriaca Jacq.,Plantae,SPECIES
163303598,166090,Artemisia absinthium L.,Plantae,SPECIES
163303599,166091,Artemisia annua L.,Plantae,SPECIES
163303600,166078,Aposeris foetida (L.) Less.,Plantae,SPECIES
163303601,166095,Artemisia sieversiana Ehrh. ex Willd.,Plantae,SPECIES
163303602,166094,Artemisia scoparia Waldst. & Kit.,Plantae,SPECIES
163303603,166122,Bellis perennis L.,Plantae,SPECIES
163303604,166198,Chondrilla juncea L.,Plantae,SPECIES
163303605,166163,Carthamus lanatus L.,Plantae,SPECIES
163303606,166166,Centaurea arenaria M.Bieb. ex Willd.,Plantae,SPECIES
163303607,166160,Carduus acanthoides L.,Plantae,SPECIES
163303608,166161,Carduus nutans L.,Plantae,SPECIES
163303609,166167,Centaurea calcitrapa L.,Plantae,SPECIES
163303610,166168,Centaurea diffusa Lam.,Plantae,SPECIES
163303611,166169,Centaurea iberica Trevis. ex Spreng.,Plantae,SPECIES
163303612,166222,Cousinia tenella Fisch. & C.A.Mey.,Plantae,SPECIES
163303613,166267,Echinops ruthenicus Rochel,Plantae,SPECIES
163303614,166268,Echinops sphaerocephalus L.,Plantae,SPECIES
163303615,166342,Helianthus tuberosus L.,Plantae,SPECIES
163303616,166315,Galinsoga parviflora Cav.,Plantae,SPECIES
163303617,166376,Lactuca serriola L.,Plantae,SPECIES
163303618,166367,Inula helenium L.,Plantae,SPECIES
163303622,166381,Larix decidua Mill.,Plantae,SPECIES
163303623,166003,Abies sibirica Ledeb.,Plantae,SPECIES
163303624,166000,Abies alba Mill.,Plantae,SPECIES
163303625,166002,Abies nordmanniana (Steven) Spach,Plantae,SPECIES
163303626,166001,Abies concolor (Gordon) Lindl. ex Hildebr.,Plantae,SPECIES
