taxonKey,nubKey,countryCode,occurrenceStatus,establishmentMeans,degreeOfEstablishment,pathway,eventDate,source
148731578,2501277,PT,present,introduced,,,,
148731581,2501248,PT,present,introduced,,,,
148731584,7547545,PT,present,introduced,,,,
148731586,3206034,PT,present,introduced,,,,
148731590,4412136,PT,present,introduced,,,,
148731593,5233598,PT,present,introduced,,,,
148731594,8301674,PT,present,introduced,,,,
148731597,4343705,PT,present,introduced,,,,
148731598,7663726,PT,present,introduced,,,,
148731599,4343706,PT,present,introduced,,,,
148731601,4412372,PT,present,introduced,,,,
148731610,2237923,PT,present,introduced,,,,
148731611,4377087,PT,present,introduced,,,,
148731618,5422556,PT,present,introduced,,,,
148731619,2242928,PT,present,introduced,,,,
148731622,3197314,PT,present,introduced,,,,
148731630,3197869,PT,present,introduced,,,,
148731632,3197970,PT,present,introduced,,,,
148731637,5181275,PT,present,introduced,,,,
12176228,5273385,PT,present,introduced,,,,
148731646,2643288,PT,present,introduced,,,,
148731650,7230558,PT,present,introduced,,,,
148731652,2642947,PT,present,introduced,,,,
148731653,2308574,PT,present,introduced,,,,
148731654,2643011,PT,present,introduced,,,,
148731656,2308574,PT,present,introduced,,,,
148731663,2320993,PT,present,introduced,,,,
5280189,7477265,PT,present,introduced,,,,
148731665,2320659,PT,present,introduced,,,,
148731669,5281901,PT,present,introduced,,,,
148731673,5199417,PT,present,introduced,,,,
5199488,2327952,PT,present,introduced,,,,
148731677,2663587,PT,present,introduced,,,,
148731678,2328302,PT,present,introduced,,,,
148731680,2327735,PT,present,introduced,,,,
148731685,5200151,PT,present,introduced,,,,
148731687,5278964,PT,present,introduced,,,,
148731689,5854272,PT,present,introduced,,,,
148731691,2658889,PT,present,introduced,,,,
2658925,2658924,PT,present,introduced,,,,
4375636,4375636,PT,present,introduced,,,,
148731694,5729905,PT,present,introduced,,,,
148731695,5279459,PT,present,introduced,,,,
148731696,5200315,PT,present,introduced,,,,
148731701,2668884,PT,present,introduced,,,,
148731703,5279840,PT,present,introduced,,,,
148731705,5279834,PT,present,introduced,,,,
2306080,12374483,PT,present,introduced,,,,
148731711,2661325,PT,present,introduced,,,,
148731712,2660290,PT,present,introduced,,,,
148731713,2306710,PT,present,introduced,,,,
10433923,5277413,PT,present,introduced,,,,
9738520,7776152,PT,present,introduced,,,,
148731717,2659725,PT,present,introduced,,,,
148731720,2661081,PT,present,introduced,,,,
148731721,2661140,PT,present,introduced,,,,
2661140,2661137,PT,present,introduced,,,,
2661140,2661008,PT,present,introduced,,,,
148731726,2659095,PT,present,introduced,,,,
148731727,2292354,PT,present,introduced,,,,
148731730,6452772,PT,present,introduced,,,,
148731732,5192721,PT,present,introduced,,,,
148731733,2657615,PT,present,introduced,,,,
148731736,2300444,PT,present,introduced,,,,
148731737,2656854,PT,present,introduced,,,,
148731739,5192470,PT,present,introduced,,,,
2656854,2656845,PT,present,introduced,,,,
148731743,2656879,PT,present,introduced,,,,
148731746,5189806,PT,present,introduced,invasive,,,
148731748,2661140,PT,present,introduced,,,,
148731749,2661140,PT,present,introduced,,,,
148731750,5276982,PT,present,introduced,,,,
148731752,2657641,PT,present,introduced,,,,
148731754,2657504,PT,present,introduced,,,,
9842003,8711937,PT,present,introduced,invasive,,,
148731756,2657432,PT,present,introduced,,,,
148731757,2657493,PT,present,introduced,,,,
148731758,2291334,PT,present,introduced,,,,
148731759,2657651,PT,present,introduced,,,,
148731760,2658484,PT,present,introduced,,,,
148731761,2291336,PT,present,introduced,invasive,,,
9520065,2291152,PT,present,introduced,invasive,,,
148731768,5189748,PT,present,introduced,invasive,,,
148731770,5189745,PT,present,introduced,,,,
148731771,2688189,PT,present,introduced,,,,
148731772,4562197,PT,present,introduced,,,,
6385660,2688348,PT,present,introduced,,,,
9025372,5727911,PT,present,introduced,,,,
148731785,7498955,PT,present,introduced,,,,
4601972,2304195,PT,present,introduced,invasive,,,
148731790,5275404,PT,present,introduced,,,,
148731791,4366460,PT,present,introduced,,,,
148731792,4366603,PT,present,introduced,,,,
148731793,5275398,PT,present,introduced,,,,
148731798,7791733,PT,present,introduced,,,,
148731800,2650479,PT,present,introduced,,,,
4374764,6532399,PT,present,introduced,,,,
148731804,2650930,PT,present,introduced,,,,
148731807,2650927,PT,present,introduced,,,,
7820753,2286069,PT,present,introduced,,,,
148731809,2286098,PT,present,introduced,,,,
148731810,2286060,PT,present,introduced,,,,
148731812,2650829,PT,present,introduced,,,,
148731815,4372687,PT,present,introduced,,,,
148731817,4372686,PT,present,introduced,invasive,,,
9462614,7296833,PT,present,introduced,,,,
148731819,2287668,PT,present,introduced,,,,
148731820,2651529,PT,present,introduced,,,,
148731824,5274863,PT,present,introduced,invasive,,,
148731825,8190231,PT,present,introduced,invasive,,,
148731826,8190231,PT,present,introduced,,,,
148731828,2650107,PT,present,introduced,invasive,,,
148731832,8288896,PT,present,introduced,,,,
148731834,7445284,PT,present,introduced,,,,
148731835,6531311,PT,present,introduced,,,,
148731842,7923165,PT,present,introduced,,,,
4346612,5890148,PT,present,introduced,,,,
148731846,7792557,PT,present,introduced,,,,
148731848,2753090,PT,present,introduced,,,,
148731851,1003567,PT,present,introduced,,,,
148731856,1005677,PT,present,introduced,invasive,,,
148731857,2766151,PT,present,introduced,,,,
148731859,2766169,PT,present,introduced,,,,
2765942,2765940,PT,present,introduced,invasive,,,
7844959,7654038,PT,present,introduced,,,,
148731864,2765156,PT,present,introduced,invasive,,,
148731865,4985072,PT,present,introduced,invasive,,,
148731867,5303524,PT,present,introduced,,,,
148731868,1010076,PT,present,introduced,,,,
148731869,1010071,PT,present,introduced,,,,
148731871,2764179,PT,present,introduced,,,,
148731872,1006752,PT,present,introduced,,,,
148731873,8796256,PT,present,introduced,,,,
148731877,2758700,PT,present,introduced,invasive,,,
148731878,1004623,PT,present,introduced,,,,
148731879,7883492,PT,present,introduced,,,,
148731880,1004642,PT,present,introduced,,,,
148731884,8034409,PT,present,introduced,,,,
7668385,4984779,PT,present,introduced,,,,
148731889,2700892,PT,present,introduced,,,,
8428595,4984823,PT,present,introduced,,,,
148731891,2701618,PT,present,introduced,,,,
148731892,2702084,PT,present,introduced,,,,
148731894,5287984,PT,present,introduced,,,,
148731897,4984815,PT,present,introduced,,,,
148731899,4984851,PT,present,introduced,invasive,,,
148731900,2718919,PT,present,introduced,,,,
148731902,2710716,PT,present,introduced,,,,
148731904,7552441,PT,present,introduced,,,,
2718767,2718737,PT,present,introduced,,,,
148731906,7446481,PT,present,introduced,,,,
148731907,2717421,PT,present,introduced,,,,
148731908,2717329,PT,present,introduced,,,,
7446481,1010205,PT,present,introduced,,,,
148731913,2714656,PT,present,introduced,,,,
2714158,2714166,PT,present,introduced,,,,
148731916,5185603,PT,present,introduced,,,,
148731917,2715482,PT,present,introduced,,,,
148731919,2266009,PT,present,introduced,,,,
148731920,2266009,PT,present,introduced,invasive,,,
148731924,5290052,PT,present,introduced,,,,
148731925,2266741,PT,present,introduced,,,,
148731927,2266754,PT,present,introduced,,,,
5828232,2706134,PT,present,introduced,,,,
5828201,2706150,PT,present,introduced,,,,
148731934,5185840,PT,present,introduced,,,,
4154259,4106609,PT,present,introduced,,,,
148731938,2268682,PT,present,introduced,,,,
6313051,2706389,PT,present,introduced,,,,
148731945,7446481,PT,present,introduced,,,,
9478836,5290026,PT,present,introduced,invasive,,,
9258547,5290041,PT,present,introduced,invasive,,,
148731954,5217334,PT,present,introduced,,,,
148731956,2426658,PT,present,introduced,,,,
5289831,2703607,PT,present,introduced,,,,
148731959,2702870,PT,present,introduced,invasive,,,
148731960,2427091,PT,present,introduced,,,,
148731961,2704757,PT,present,introduced,,,,
148731962,2705181,PT,present,introduced,,,,
148731964,2705185,PT,present,introduced,,,,
148731966,4925448,PT,present,introduced,,,,
148731968,2703041,PT,present,introduced,invasive,,,
148731969,2468700,PT,present,introduced,,,,
148731970,2705932,PT,present,introduced,,,,
148731971,2705295,PT,present,introduced,invasive,,,
148731973,8174035,PT,present,introduced,,,,
148731974,2705290,PT,present,introduced,,,,
148731975,4154800,PT,present,introduced,,,,
148731976,2445034,PT,present,introduced,,,,
148731978,5959942,PT,present,introduced,,,,
148731979,2705292,PT,present,introduced,,,,
148731980,8113508,PT,present,introduced,,,,
148731982,2449051,PT,present,introduced,,,,
148731983,2703723,PT,present,introduced,,,,
148731984,2703717,PT,present,introduced,,,,
148731985,2704523,PT,present,introduced,invasive,,,
148731987,5289995,PT,present,introduced,,,,
148731988,5289998,PT,present,introduced,,,,
148731990,2705378,PT,present,introduced,,,,
148731991,2443002,PT,present,introduced,,,,
148731992,2705431,PT,present,introduced,,,,
148731993,2442843,PT,present,introduced,,,,
148731994,2705953,PT,present,introduced,,,,
148731995,2702863,PT,present,introduced,,,,
148731996,8898408,PT,present,introduced,,,,
148731997,2702865,PT,present,introduced,,,,
148731998,6431411,PT,present,introduced,,,,
148731999,2702808,PT,present,introduced,,,,
148732000,9228211,PT,present,introduced,,,,
148732001,2702820,PT,present,introduced,,,,
148732002,5289763,PT,present,introduced,,,,
148732003,2443133,PT,present,introduced,,,,
148732004,2706056,PT,present,introduced,,,,
148732005,8332019,PT,present,introduced,,,,
148732007,2706067,PT,present,introduced,,,,
148732008,5220318,PT,present,introduced,,,,
148732009,2441905,PT,present,introduced,,,,
148732010,2703459,PT,present,introduced,,,,
4138275,2705106,PT,present,introduced,,,,
148732015,2436940,PT,present,introduced,invasive,,,
148732016,2705090,PT,present,introduced,,,,
148732018,2705144,PT,present,introduced,,,,
148732020,2705162,PT,present,introduced,,,,
148732021,5218786,PT,present,introduced,,,,
148732022,2705565,PT,present,introduced,invasive,,,
148732024,2705622,PT,present,introduced,invasive,,,
148732025,2434552,PT,present,introduced,,,,
148732026,8100050,PT,present,introduced,invasive,,,
148732028,2705650,PT,present,introduced,,,,
5218823,2433652,PT,present,introduced,,,,
5290192,2706154,PT,present,introduced,,,,
148732032,5289744,PT,present,introduced,,,,
148732033,5218911,PT,present,introduced,,,,
148732034,5290167,PT,present,introduced,,,,
148732035,5290171,PT,present,introduced,,,,
148732037,7964291,PT,present,introduced,,,,
148732038,2703935,PT,present,introduced,,,,
148732039,2435035,PT,present,introduced,invasive,,,
148732041,5289698,PT,present,introduced,,,,
148732043,5219681,PT,present,introduced,,,,
148732044,5289666,PT,present,introduced,,,,
148732046,5289686,PT,present,introduced,,,,
148732047,5289679,PT,present,introduced,,,,
148732048,4264680,PT,present,introduced,,,,
148732049,2705966,PT,present,introduced,,,,
148732051,2439270,PT,present,introduced,invasive,,,
148732052,7795888,PT,present,introduced,,,,
148732055,2439261,PT,present,introduced,,,,
148732057,7429082,PT,present,introduced,invasive,,,
148732059,5219858,PT,present,introduced,,,,
148732061,2439838,PT,present,introduced,,,,
8010297,5329186,PT,present,introduced,,,,
148732063,2865321,PT,present,introduced,,,,
148732064,4409131,PT,present,introduced,,,,
148732068,2441056,PT,present,introduced,,,,
148732069,2865565,PT,present,introduced,invasive,,,
5329263,5329260,PT,present,introduced,invasive,,,
148732073,2865448,PT,present,introduced,invasive,,,
148732075,2479226,PT,present,introduced,,,,
148732076,2865980,PT,present,introduced,,,,
148732077,2479407,PT,present,introduced,,,,
148732081,2498305,PT,present,introduced,,,,
148732082,2868827,PT,present,introduced,,,,
148732085,2495869,PT,present,introduced,,,,
148732086,2870583,PT,present,introduced,,,,
148732088,2867614,PT,present,introduced,,,,
148732090,5330001,PT,present,introduced,,,,
148732091,5330776,PT,present,introduced,,,,
148732092,2493987,PT,present,introduced,,,,
5330776,5330777,PT,present,introduced,,,,
148732094,2494058,PT,present,introduced,,,,
148732095,5329904,PT,present,introduced,,,,
148732096,2494070,PT,present,introduced,,,,
148732099,5297768,PT,present,introduced,,,,
148732100,2494088,PT,present,introduced,,,,
148732101,2494097,PT,present,introduced,,,,
148732102,2745841,PT,present,introduced,,,,
148732103,2494086,PT,present,introduced,,,,
148732104,2494101,PT,present,introduced,,,,
148732105,2745788,PT,present,introduced,,,,
148732108,5296922,PT,present,introduced,,,,
7340335,2493628,PT,present,introduced,,,,
148732110,5298224,PT,present,introduced,,,,
148732111,2493633,PT,present,introduced,,,,
148732112,5298150,PT,present,introduced,,,,
148732113,2493599,PT,present,introduced,,,,
148732114,5298069,PT,present,introduced,,,,
5298079,5298598,PT,present,introduced,,,,
148732116,2493626,PT,present,introduced,,,,
148732117,2749929,PT,present,introduced,,,,
148732118,2493669,PT,present,introduced,,,,
148732119,2493660,PT,present,introduced,,,,
148732120,5297899,PT,present,introduced,,,,
148732121,2493662,PT,present,introduced,,,,
148732122,2493698,PT,present,introduced,,,,
148732123,2747084,PT,present,introduced,,,,
148732124,2493697,PT,present,introduced,,,,
148732125,2747939,PT,present,introduced,,,,
148732126,2493707,PT,present,introduced,,,,
2747939,5297877,PT,present,introduced,,,,
148732130,9752149,PT,present,introduced,,,,
148732131,2744140,PT,present,introduced,,,,
148732133,5227919,PT,present,introduced,,,,
148732134,2778511,PT,present,introduced,,,,
148732135,2474051,PT,present,introduced,,,,
148732138,2777724,PT,present,introduced,,,,
148732139,2777537,PT,present,introduced,,,,
148732141,5200501,PT,present,introduced,,,,
148732142,2777430,PT,present,introduced,,,,
148732144,5326791,PT,present,introduced,,,,
148732146,2331276,PT,present,introduced,,,,
148732147,2331276,PT,present,introduced,,,,
148732148,2855519,PT,present,introduced,,,,
148732150,2854416,PT,present,introduced,,,,
148732151,4355930,PT,present,introduced,,,,
148732152,5325855,PT,present,introduced,,,,
148732153,2330172,PT,present,introduced,,,,
148732155,2330198,PT,present,introduced,,,,
148732156,2857697,PT,present,introduced,,,,
148732157,2856681,PT,present,introduced,,,,
148732158,2330170,PT,present,introduced,,,,
148732160,2856400,PT,present,introduced,,,,
148732163,5200484,PT,present,introduced,,,,
148732164,2775744,PT,present,introduced,,,,
148732165,2775619,PT,present,introduced,,,,
148732167,5200463,PT,present,introduced,,,,
148732169,2769757,PT,present,introduced,,,,
148732170,2329622,PT,present,introduced,,,,
148732171,2769796,PT,present,introduced,,,,
148732173,2766411,PT,present,introduced,,,,
148732174,2330587,PT,present,introduced,,,,
148732176,2768686,PT,present,introduced,,,,
148732178,2768367,PT,present,introduced,,,,
148732179,2768885,PT,present,introduced,,,,
148732180,2331816,PT,present,introduced,,,,
148732181,2766660,PT,present,introduced,,,,
148732182,5200696,PT,present,introduced,invasive,,,
148732183,2766613,PT,present,introduced,,,,
148732184,2767031,PT,present,introduced,invasive,,,
148732187,2331602,PT,present,introduced,,,,
148732190,2331498,PT,present,introduced,,,,
148732191,8256057,PT,present,introduced,,,,
148732193,2332243,PT,present,introduced,,,,
148732194,5372424,PT,present,introduced,,,,
148732195,2331954,PT,present,introduced,invasive,,,
148732196,2331942,PT,present,introduced,invasive,,,
148732197,2331936,PT,present,introduced,,,,
5372424,5372396,PT,present,introduced,,,,
148732199,4354941,PT,present,introduced,invasive,,,
148732200,5200757,PT,present,introduced,,,,
148732201,5372375,PT,present,introduced,,,,
148732202,2332269,PT,present,introduced,,,,
148732206,5372392,PT,present,introduced,,,,
148732207,5204019,PT,present,introduced,,,,
148732208,5372397,PT,present,introduced,,,,
148732213,2891664,PT,present,introduced,,,,
148732214,2891755,PT,present,introduced,,,,
148732215,2350570,PT,present,introduced,invasive,,,
148732217,2891707,PT,present,introduced,,,,
148732218,5712056,PT,present,introduced,,,,
148732219,2891764,PT,present,introduced,,,,
148732220,7664805,PT,present,introduced,,,,
148732221,2891661,PT,present,introduced,invasive,,,
148732226,3152861,PT,present,introduced,,,,
148732227,2346633,PT,present,introduced,,,,
148732228,9605163,PT,present,introduced,,,,
148732232,5371666,PT,present,introduced,,,,
148732236,3169379,PT,present,introduced,,,,
148732239,2891783,PT,present,introduced,,,,
148732241,2382155,PT,present,introduced,invasive,,,
7404236,3826930,PT,present,introduced,,,,
148732245,8140485,PT,present,introduced,,,,
148732246,7903136,PT,present,introduced,,,,
148732248,3828894,PT,present,introduced,,,,
3828894,3828847,PT,present,introduced,,,,
148732250,9558403,PT,present,introduced,,,,
148732251,2891608,PT,present,introduced,,,,
148732253,9711656,PT,present,introduced,,,,
148732254,2394563,PT,present,introduced,invasive,,,
148732255,2394486,PT,present,introduced,invasive,,,
148732257,2890623,PT,present,introduced,,,,
148732258,2370771,PT,present,introduced,invasive,,,
148732262,2337607,PT,present,introduced,,,,
148732265,5202520,PT,present,introduced,,,,
148732267,2340977,PT,present,introduced,invasive,,,
148732268,7400250,PT,present,introduced,,,,
148732269,3152816,PT,present,introduced,,,,
148732273,2362524,PT,present,introduced,,,,
148732274,2891791,PT,present,introduced,,,,
148732275,2360367,PT,present,introduced,,,,
148732276,7287627,PT,present,introduced,invasive,,,
148732277,2359706,PT,present,introduced,,,,
148732278,4409629,PT,present,introduced,invasive,,,
148732280,4286975,PT,present,introduced,invasive,,,
148732281,2366634,PT,present,introduced,,,,
148732283,2984306,PT,present,introduced,,,,
148732284,4286942,PT,present,introduced,invasive,,,
148732285,2362925,PT,present,introduced,invasive,,,
148732289,7102937,PT,present,introduced,,,,
7298906,5668711,PT,present,introduced,,,,
148732297,4417619,PT,present,introduced,,,,
148732298,4417604,PT,present,introduced,,,,
148732301,5334240,PT,present,introduced,,,,
148732303,2888816,PT,present,introduced,,,,
148732306,2986045,PT,present,introduced,,,,
148732308,2985994,PT,present,introduced,,,,
148732310,2234705,PT,present,introduced,,,,
148732311,7161042,PT,present,introduced,,,,
5180090,5180091,PT,present,introduced,,,,
148732319,4181596,PT,present,introduced,,,,
148732322,5176589,PT,present,introduced,,,,
148732323,3033991,PT,present,introduced,,,,
148732325,2206602,PT,present,introduced,,,,
148732327,3701777,PT,present,introduced,,,,
148732329,5175631,PT,present,introduced,,,,
148732330,3701787,PT,present,introduced,,,,
148732333,2874655,PT,present,introduced,,,,
148732334,5175936,PT,present,introduced,,,,
148732337,2874508,PT,present,introduced,,,,
148732338,2220434,PT,present,introduced,,,,
148732339,7393329,PT,present,introduced,,,,
148732342,2874512,PT,present,introduced,,,,
148732343,3624993,PT,present,introduced,,,,
148732344,2227663,PT,present,introduced,,,,
148732345,2874570,PT,present,introduced,,,,
148732347,2225783,PT,present,introduced,,,,
148732348,2874621,PT,present,introduced,,,,
148732352,2889934,PT,present,introduced,invasive,,,
148732355,2223429,PT,present,introduced,,,,
148732356,7273380,PT,present,introduced,,,,
148732358,2227300,PT,present,introduced,invasive,,,
148732360,3046736,PT,present,introduced,,,,
148732362,3046899,PT,present,introduced,,,,
148732363,4375094,PT,present,introduced,,,,
148732365,7678610,PT,present,introduced,,,,
148732366,2226990,PT,present,introduced,invasive,,,
148732367,7225622,PT,present,introduced,,,,
148732369,7225578,PT,present,introduced,,,,
148732370,2224970,PT,present,introduced,,,,
148732371,5373160,PT,present,introduced,,,,
148732373,5376565,PT,present,introduced,,,,
148732374,5178282,PT,present,introduced,,,,
148732376,5377060,PT,present,introduced,,,,
148732377,5376648,PT,present,introduced,,,,
148732378,5377163,PT,present,introduced,,,,
148732379,2225776,PT,present,introduced,,,,
148732380,5374118,PT,present,introduced,,,,
148732381,2225776,PT,present,introduced,,,,
148732383,3048203,PT,present,introduced,,,,
148732384,2225646,PT,present,introduced,,,,
148732385,5373276,PT,present,introduced,,,,
148732388,3042399,PT,present,introduced,,,,
148732389,2217982,PT,present,introduced,,,,
148732391,5178082,PT,present,introduced,,,,
148732392,3690997,PT,present,introduced,,,,
148732394,3042636,PT,present,introduced,,,,
148732395,6460808,PT,present,introduced,,,,
148732396,3042636,PT,present,introduced,,,,
148732397,3042845,PT,present,introduced,,,,
148732401,2219490,PT,present,introduced,,,,
148732402,2984366,PT,present,introduced,,,,
148732406,5361866,PT,present,introduced,,,,
148732409,3039285,PT,present,introduced,,,,
148732410,3039269,PT,present,introduced,,,,
5365717,3031919,PT,present,introduced,,,,
148732415,2115769,PT,present,introduced,,,,
148732416,3021922,PT,present,introduced,,,,
148732418,9802456,PT,present,introduced,,,,
148732419,2115724,PT,present,introduced,,,,
148732421,4805564,PT,present,introduced,,,,
148732422,3001244,PT,present,introduced,,,,
148732423,5862470,PT,present,introduced,,,,
148732424,3026906,PT,present,introduced,,,,
148732425,3027159,PT,present,introduced,,,,
3013215,3013206,PT,present,introduced,,,,
148732430,1247584,PT,present,introduced,,,,
148732431,5362573,PT,present,introduced,,,,
2988172,2988220,PT,present,introduced,,,,
148732434,2988188,PT,present,introduced,,,,
148732435,3005529,PT,present,introduced,,,,
148732437,3003244,PT,present,introduced,,,,
148732438,3002530,PT,present,introduced,,,,
148732439,2049936,PT,present,introduced,,,,
7354625,3008275,PT,present,introduced,,,,
148732443,2993094,PT,present,introduced,,,,
148732444,1651430,PT,present,introduced,,,,
148732445,2992543,PT,present,introduced,,,,
148732446,3002333,PT,present,introduced,,,,
148732449,3009087,PT,present,introduced,,,,
148732450,3009087,PT,present,introduced,,,,
148732451,3021730,PT,present,introduced,,,,
148732453,2117035,PT,present,introduced,,,,
3020980,3022502,PT,present,introduced,,,,
148732455,7931731,PT,present,introduced,,,,
148732458,2114446,PT,present,introduced,,,,
148732459,8149923,PT,present,introduced,,,,
148732460,3021496,PT,present,introduced,,,,
148732461,2990630,PT,present,introduced,,,,
148732462,3031774,PT,present,introduced,,,,
148732463,5371450,PT,present,introduced,,,,
10786206,3024146,PT,present,introduced,,,,
148732465,5362215,PT,present,introduced,,,,
148732466,3025617,PT,present,introduced,,,,
148732468,5361880,PT,present,introduced,,,,
148732470,5361889,PT,present,introduced,,,,
148732471,5361888,PT,present,introduced,,,,
148732472,2984580,PT,present,introduced,,,,
148732473,5361909,PT,present,introduced,,,,
148732474,5361944,PT,present,introduced,,,,
148732478,3610757,PT,present,introduced,,,,
148732479,2928626,PT,present,introduced,,,,
148732480,2928576,PT,present,introduced,,,,
148732481,2928598,PT,present,introduced,invasive,,,
148732482,2927530,PT,present,introduced,,,,
148732483,2927484,PT,present,introduced,,,,
148732484,2928666,PT,present,introduced,,,,
148732485,3679569,PT,present,introduced,,,,
148732486,2928446,PT,present,introduced,,,,
2929800,2930922,PT,present,introduced,,,,
148732490,2931714,PT,present,introduced,,,,
148732491,2929062,PT,present,introduced,,,,
148732492,2930137,PT,present,introduced,,,,
148732493,7538163,PT,present,introduced,,,,
148732494,2929710,PT,present,introduced,,,,
148732495,8280931,PT,present,introduced,,,,
148732496,2929892,PT,present,introduced,,,,
148732497,2930439,PT,present,introduced,,,,
148732498,2930222,PT,present,introduced,,,,
148732499,2932035,PT,present,introduced,,,,
148732500,2930262,PT,present,introduced,,,,
148732501,2930617,PT,present,introduced,,,,
148732502,2931469,PT,present,introduced,,,,
148732503,2931104,PT,present,introduced,,,,
148732504,2928796,PT,present,introduced,invasive,,,
148732505,8969026,PT,present,introduced,,,,
148732506,5341784,PT,present,introduced,,,,
148732507,2928859,PT,present,introduced,,,,
148732508,5341754,PT,present,introduced,,,,
148732509,2928783,PT,present,introduced,invasive,,,
148732510,2928775,PT,present,introduced,,,,
148732511,2928774,PT,present,introduced,,,,
148732512,2928809,PT,present,introduced,,,,
148732513,2928835,PT,present,introduced,,,,
148732514,2928755,PT,present,introduced,,,,
148732515,2928751,PT,present,introduced,invasive,,,
148732517,2932944,PT,present,introduced,,,,
148732518,3802655,PT,present,introduced,,,,
148732521,3589175,PT,present,introduced,,,,
3033833,3033830,PT,present,introduced,,,,
3033833,8562330,PT,present,introduced,,,,
10763835,8176367,PT,present,introduced,,,,
148732528,3033894,PT,present,introduced,,,,
148732529,3981543,PT,present,introduced,,,,
148732531,3602069,PT,present,introduced,,,,
148732532,2888380,PT,present,introduced,,,,
148732533,2888485,PT,present,introduced,,,,
148732538,2928366,PT,present,introduced,,,,
148732539,2928226,PT,present,introduced,,,,
148732540,2928034,PT,present,introduced,,,,
9405645,8364222,PT,present,introduced,,,,
148732544,7558421,PT,present,introduced,,,,
148732545,5341183,PT,present,introduced,,,,
148732546,4059853,PT,present,introduced,,,,
148732547,7477753,PT,present,introduced,,,,
148732550,2892272,PT,present,introduced,,,,
148732552,3169707,PT,present,introduced,,,,
148732553,3169708,PT,present,introduced,,,,
148732554,7150619,PT,present,introduced,,,,
148732555,3170326,PT,present,introduced,,,,
148732556,3169830,PT,present,introduced,,,,
148732557,3170442,PT,present,introduced,,,,
148732558,3170241,PT,present,introduced,,,,
148732561,2986239,PT,present,introduced,invasive,,,
148732562,8677924,PT,present,introduced,,,,
148732563,4161770,PT,present,introduced,,,,
148732564,2986285,PT,present,introduced,,,,
148732565,5680555,PT,present,introduced,,,,
7224069,8193935,PT,present,introduced,,,,
148732568,8080300,PT,present,introduced,,,,
148732569,3034173,PT,present,introduced,,,,
148732570,10850644,PT,present,introduced,,,,
148732571,3034611,PT,present,introduced,,,,
148732572,6026300,PT,present,introduced,invasive,,,
148732573,8350395,PT,present,introduced,,,,
8350395,5371895,PT,present,introduced,,,,
148732575,3034871,PT,present,introduced,,,,
148732578,5415719,PT,present,introduced,,,,
148732579,3185294,PT,present,introduced,,,,
148732580,3185393,PT,present,introduced,,,,
148732581,3176719,PT,present,introduced,,,,
148732582,3177175,PT,present,introduced,,,,
148732583,3177189,PT,present,introduced,,,,
148732584,3177028,PT,present,introduced,,,,
148732585,3176283,PT,present,introduced,,,,
148732586,3176787,PT,present,introduced,invasive,,,
3176459,3176458,PT,present,introduced,,,,
148732588,3176772,PT,present,introduced,,,,
148732589,3177157,PT,present,introduced,,,,
148732590,3176934,PT,present,introduced,,,,
148732591,3176313,PT,present,introduced,,,,
148732592,3176816,PT,present,introduced,,,,
148732593,3176743,PT,present,introduced,,,,
148732594,3177119,PT,present,introduced,,,,
148732595,3176592,PT,present,introduced,,,,
148732596,3176649,PT,present,introduced,,,,
148732598,3176703,PT,present,introduced,,,,
148732599,3176336,PT,present,introduced,,,,
3176197,3176197,PT,present,introduced,,,,
148732603,3176253,PT,present,introduced,,,,
148732605,3188894,PT,present,introduced,,,,
148732606,7915783,PT,present,introduced,,,,
148732607,3188924,PT,present,introduced,,,,
148732608,3188847,PT,present,introduced,,,,
148732609,3188875,PT,present,introduced,,,,
148732610,8340805,PT,present,introduced,,,,
7322393,7322394,PT,present,introduced,,,,
148732613,3188830,PT,present,introduced,,,,
148732614,5545159,PT,present,introduced,,,,
148732615,5938224,PT,present,introduced,,,,
148732616,3189073,PT,present,introduced,,,,
148732618,3188674,PT,present,introduced,,,,
148732619,5420901,PT,present,introduced,,,,
148732620,3188711,PT,present,introduced,,,,
148732623,2874984,PT,present,introduced,,,,
148732626,4205617,PT,present,introduced,,,,
8288647,4205382,PT,present,introduced,,,,
148732629,3054368,PT,present,introduced,,,,
148732630,3054357,PT,present,introduced,,,,
148732633,2880580,PT,present,introduced,,,,
148732634,2880539,PT,present,introduced,,,,
148732636,2881106,PT,present,introduced,,,,
148732637,2882316,PT,present,introduced,,,,
148732638,5333249,PT,present,introduced,,,,
148732640,2891932,PT,present,introduced,,,,
148732641,2891930,PT,present,introduced,,,,
148732643,2875818,PT,present,introduced,,,,
148732644,7783328,PT,present,introduced,,,,
148732645,2876607,PT,present,introduced,,,,
148732648,2874706,PT,present,introduced,,,,
148732650,3084719,PT,present,introduced,,,,
148732652,3084015,PT,present,introduced,invasive,,,
148732653,3084016,PT,present,introduced,,,,
148732655,3084611,PT,present,introduced,,,,
148732657,3086240,PT,present,introduced,,,,
148732659,3082283,PT,present,introduced,,,,
148732660,4088889,PT,present,introduced,,,,
2889173,5334357,PT,present,introduced,invasive,,,
148732664,2889010,PT,present,introduced,,,,
148732665,2888976,PT,present,introduced,,,,
148732667,2889304,PT,present,introduced,,,,
148732668,6391150,PT,present,introduced,,,,
148732669,2889229,PT,present,introduced,,,,
148732670,2888859,PT,present,introduced,,,,
148732671,4032465,PT,present,introduced,,,,
148732672,5334351,PT,present,introduced,invasive,,,
148732673,6391446,PT,present,introduced,,,,
148732675,3191008,PT,present,introduced,,,,
7095665,3084748,PT,present,introduced,,,,
148732680,6378623,PT,present,introduced,invasive,,,
148732681,5384064,PT,present,introduced,invasive,,,
148732682,5384076,PT,present,introduced,,,,
7280115,7280115,PT,present,introduced,invasive,,,
148732684,5626003,PT,present,introduced,invasive,,,
148732685,5384142,PT,present,introduced,,,,
148732686,7282135,PT,present,introduced,,,,
148732688,3083508,PT,present,introduced,,,,
8185812,5384309,PT,present,introduced,,,,
3707676,3705768,PT,present,introduced,,,,
3705660,3706229,PT,present,introduced,,,,
148732696,5384307,PT,present,introduced,,,,
148732697,3084883,PT,present,introduced,,,,
148732698,8668262,PT,present,introduced,,,,
148732699,3084839,PT,present,introduced,,,,
148732700,3705230,PT,present,introduced,,,,
148732701,3084850,PT,present,introduced,,,,
148732702,3084872,PT,present,introduced,,,,
148732703,3703606,PT,present,introduced,,,,
148732704,3084842,PT,present,introduced,invasive,,,
148732706,5568361,PT,present,introduced,,,,
148732707,5568339,PT,present,introduced,,,,
148732708,5568446,PT,present,introduced,,,,
148732709,8971274,PT,present,introduced,,,,
148732711,8911082,PT,present,introduced,invasive,,,
148732712,5384395,PT,present,introduced,invasive,,,
148732713,7905507,PT,present,introduced,invasive,,,
148732714,5384364,PT,present,introduced,invasive,,,
148732715,5384396,PT,present,introduced,,,,
148732716,5384390,PT,present,introduced,,,,
148732717,6109611,PT,present,introduced,,,,
148732718,5384359,PT,present,introduced,,,,
7576335,7576335,PT,present,introduced,,,,
148732720,5384332,PT,present,introduced,,,,
148732721,9080185,PT,present,introduced,,,,
148732722,5384334,PT,present,introduced,invasive,,,
148732723,5384370,PT,present,introduced,,,,
148732724,6109534,PT,present,introduced,invasive,,,
3814157,5384787,PT,present,introduced,,,,
148732728,5384741,PT,present,introduced,,,,
148732729,5384773,PT,present,introduced,,,,
7268098,5384830,PT,present,introduced,,,,
148732731,3085421,PT,present,introduced,,,,
148732732,7620061,PT,present,introduced,,,,
148732733,3085368,PT,present,introduced,,,,
148732736,5408087,PT,present,introduced,,,,
148732737,5407951,PT,present,introduced,,,,
148732738,8022456,PT,present,introduced,,,,
148732739,3158779,PT,present,introduced,,,,
148732741,3089150,PT,present,introduced,,,,
11519882,4225550,PT,present,introduced,,,,
148732743,7066519,PT,present,introduced,,,,
3089561,5386012,PT,present,introduced,,,,
9256235,3147155,PT,present,introduced,,,,
3103180,5390801,PT,present,introduced,,,,
3103280,5390872,PT,present,introduced,,,,
3103158,5390867,PT,present,introduced,,,,
3103082,5390730,PT,present,introduced,invasive,,,
148732756,3144037,PT,present,introduced,,,,
148732757,3102871,PT,present,introduced,,,,
148732759,3121228,PT,present,introduced,,,,
148732761,3149321,PT,present,introduced,,,,
11696368,5695608,PT,present,introduced,,,,
3103209,5390819,PT,present,introduced,,,,
3111754,3111758,PT,present,introduced,,,,
3151764,4236602,PT,present,introduced,invasive,,,
148732769,9202318,PT,present,introduced,,,,
148732770,5388967,PT,present,introduced,,,,
148732771,5389017,PT,present,introduced,,,,
148732772,7954775,PT,present,introduced,,,,
148732773,3092691,PT,present,introduced,,,,
148732774,3088481,PT,present,introduced,,,,
148732775,3118430,PT,present,introduced,,,,
148732776,3118274,PT,present,introduced,,,,
148732777,7222841,PT,present,introduced,,,,
148732778,3096880,PT,present,introduced,,,,
148732779,3133534,PT,present,introduced,,,,
148732780,3107780,PT,present,introduced,,,,
148732781,3109086,PT,present,introduced,,,,
148732782,4933568,PT,present,introduced,,,,
148732783,3107187,PT,present,introduced,,,,
148732784,3125933,PT,present,introduced,,,,
148732786,3126654,PT,present,introduced,,,,
148732787,3103791,PT,present,introduced,,,,
148732788,3096529,PT,present,introduced,,,,
148732789,7403263,PT,present,introduced,,,,
148732790,7438716,PT,present,introduced,,,,
148732791,3119175,PT,present,introduced,,,,
148732792,3131367,PT,present,introduced,,,,
148732793,3119181,PT,present,introduced,,,,
148732794,9206251,PT,present,introduced,,,,
148732795,5388595,PT,present,introduced,invasive,,,
148732796,3112455,PT,present,introduced,,,,
148732797,5387859,PT,present,introduced,,,,
148732798,3132570,PT,present,introduced,invasive,,,
148732799,5401760,PT,present,introduced,,,,
148732800,5400613,PT,present,introduced,invasive,,,
148732801,8002952,PT,present,introduced,,,,
148732802,4933534,PT,present,introduced,,,,
148732803,4926336,PT,present,introduced,,,,
148732804,3120790,PT,present,introduced,,,,
148732805,3114986,PT,present,introduced,invasive,,,
148732806,5406226,PT,present,introduced,,,,
148732807,5406166,PT,present,introduced,,,,
148732809,5391802,PT,present,introduced,invasive,,,
148732810,5392174,PT,present,introduced,invasive,,,
148732811,5391845,PT,present,introduced,,,,
148732812,5391480,PT,present,introduced,,,,
148732813,3092946,PT,present,introduced,,,,
148732814,3128888,PT,present,introduced,,,,
148732815,3138327,PT,present,introduced,,,,
148732816,5392271,PT,present,introduced,,,,
148732817,3133950,PT,present,introduced,,,,
148732818,3112110,PT,present,introduced,invasive,,,
148732819,8542672,PT,present,introduced,,,,
148732820,5390636,PT,present,introduced,,,,
148732821,3098912,PT,present,introduced,,,,
3126232,5398118,PT,present,introduced,,,,
5692029,5692029,PT,present,introduced,,,,
148732824,3134183,PT,present,introduced,invasive,,,
148732825,4237993,PT,present,introduced,,,,
148732826,5403547,PT,present,introduced,,,,
148732828,3146683,PT,present,introduced,,,,
148732829,4213288,PT,present,introduced,invasive,,,
3146936,7592089,PT,present,introduced,,,,
148732831,3147168,PT,present,introduced,,,,
148732832,3147018,PT,present,introduced,invasive,,,
3147018,3146589,PT,present,introduced,,,,
148732834,3146791,PT,present,introduced,invasive,,,
148732835,5384950,PT,present,introduced,,,,
148732836,5394961,PT,present,introduced,,,,
148732837,3141101,PT,present,introduced,,,,
148732838,7815475,PT,present,introduced,,,,
148732839,8298495,PT,present,introduced,,,,
148732842,5361785,PT,present,introduced,invasive,,,
148732844,3152824,PT,present,introduced,,,,
148732846,3032762,PT,present,introduced,,,,
148732847,5567694,PT,present,introduced,,,,
148732849,5361995,PT,present,introduced,,,,
148732850,5362012,PT,present,introduced,,,,
148732851,2985949,PT,present,introduced,,,,
148732852,2985940,PT,present,introduced,,,,
148732853,2985930,PT,present,introduced,,,,
148732854,2985936,PT,present,introduced,,,,
148732855,7334731,PT,present,introduced,,,,
148732856,5362055,PT,present,introduced,,,,
10730110,5690854,PT,present,introduced,,,,
148732858,5362058,PT,present,introduced,,,,
148732859,7575159,PT,present,introduced,,,,
148732861,7334818,PT,present,introduced,,,,
9506262,4197263,PT,present,introduced,,,,
148732863,2985683,PT,present,introduced,,,,
148732864,2985682,PT,present,introduced,,,,
148732867,3190563,PT,present,introduced,,,,
148732868,3190642,PT,present,introduced,,,,
148732869,3660419,PT,present,introduced,,,,
148732871,5914287,PT,present,introduced,,,,
148732873,3190653,PT,present,introduced,invasive,,,
148732875,3189939,PT,present,introduced,,,,
148732876,3189815,PT,present,introduced,,,,
148732877,3189809,PT,present,introduced,,,,
148732878,3189846,PT,present,introduced,,,,
148732879,3189863,PT,present,introduced,,,,
148732880,3189866,PT,present,introduced,,,,
8176318,8176318,PT,present,introduced,,,,
148732884,5331181,PT,present,introduced,,,,
148732886,2874173,PT,present,introduced,,,,
148732887,2874199,PT,present,introduced,,,,
8000275,7529318,PT,present,introduced,,,,
148732892,7266821,PT,present,introduced,,,,
148732893,5372639,PT,present,introduced,,,,
7679524,10947421,PT,present,introduced,,,,
148732895,5372512,PT,present,introduced,,,,
5583349,5583349,PT,present,introduced,,,,
148732897,5372933,PT,present,introduced,,,,
148732898,3040227,PT,present,introduced,,,,
148732899,8190077,PT,present,introduced,,,,
148732900,3040232,PT,present,introduced,,,,
148732903,3189497,PT,present,introduced,,,,
148732904,6436603,PT,present,introduced,,,,
148732906,5380041,PT,present,introduced,invasive,,,
148732907,3062975,PT,present,introduced,,,,
148732908,3064221,PT,present,introduced,,,,
148732909,3067891,PT,present,introduced,,,,
148732910,3070346,PT,present,introduced,,,,
148732911,3064943,PT,present,introduced,,,,
148732912,3067119,PT,present,introduced,,,,
148732913,3066965,PT,present,introduced,,,,
148732914,3067869,PT,present,introduced,,,,
148732915,3056055,PT,present,introduced,,,,
148732918,3170823,PT,present,introduced,,,,
148732920,5415100,PT,present,introduced,,,,
7346090,6070793,PT,present,introduced,,,,
6412283,3885059,PT,present,introduced,,,,
148732927,3897067,PT,present,introduced,,,,
148732928,2927045,PT,present,introduced,,,,
148732929,2927004,PT,present,introduced,,,,
148732930,2927000,PT,present,introduced,,,,
148732931,7309436,PT,present,introduced,,,,
148732932,2926881,PT,present,introduced,,,,
148732933,7774615,PT,present,introduced,,,,
148732934,2926615,PT,present,introduced,,,,
148732935,3894423,PT,present,introduced,,,,
148732936,2927174,PT,present,introduced,,,,
148732937,8707933,PT,present,introduced,,,,
148732938,2927175,PT,present,introduced,,,,
8602699,3171882,PT,present,introduced,,,,
148732941,3171888,PT,present,introduced,,,,
148732943,2925496,PT,present,introduced,,,,
148732944,2925494,PT,present,introduced,,,,
148732945,4086523,PT,present,introduced,,,,
148732946,2925514,PT,present,introduced,,,,
7455425,5667352,PT,present,introduced,,,,
148732949,2925303,PT,present,introduced,,,,
148732950,2925385,PT,present,introduced,,,,
2925578,7467893,PT,present,introduced,,,,
148732953,5415039,PT,present,introduced,,,,
148732954,7164892,PT,present,introduced,,,,
148732955,3172297,PT,present,introduced,,,,
148732956,3172291,PT,present,introduced,,,,
148732957,3172294,PT,present,introduced,,,,
148732958,3172261,PT,present,introduced,,,,
148732959,3172348,PT,present,introduced,,,,
148732960,3172347,PT,present,introduced,,,,
148732961,3172358,PT,present,introduced,,,,
148732962,3172327,PT,present,introduced,,,,
148732964,5830619,PT,present,introduced,,,,
148732965,3172615,PT,present,introduced,,,,
3172549,7613490,PT,present,introduced,,,,
148732968,3738259,PT,present,introduced,,,,
148732969,7335194,PT,present,introduced,,,,
148732970,3746005,PT,present,introduced,,,,
148732971,3173338,PT,present,introduced,,,,
148732972,6387494,PT,present,introduced,,,,
148732975,3172104,PT,present,introduced,,,,
148732976,3732619,PT,present,introduced,,,,
148732977,5372503,PT,present,introduced,,,,
148732979,8200663,PT,present,introduced,,,,
148732980,7331882,PT,present,introduced,,,,
148732981,8354737,PT,present,introduced,,,,
148732982,3171169,PT,present,introduced,,,,
148732983,3172001,PT,present,introduced,,,,
148732985,5415455,PT,present,introduced,invasive,,,
8149049,2977331,PT,present,introduced,,,,
148732989,2974887,PT,present,introduced,,,,
148732990,2975371,PT,present,introduced,,,,
148732991,9182154,PT,present,introduced,,,,
148732992,2974832,PT,present,introduced,,,,
3974754,2979128,PT,present,introduced,invasive,,,
148732995,5355395,PT,present,introduced,,,,
148732996,2963569,PT,present,introduced,,,,
148732997,5360475,PT,present,introduced,,,,
5358907,5634085,PT,present,introduced,,,,
148732999,6109535,PT,present,introduced,,,,
148733000,5359334,PT,present,introduced,,,,
148733001,5359378,PT,present,introduced,,,,
148733002,2981303,PT,present,introduced,,,,
148733003,2979000,PT,present,introduced,invasive,,,
148733004,2979775,PT,present,introduced,invasive,,,
148733005,2978730,PT,present,introduced,invasive,,,
148733006,2979778,PT,present,introduced,,,,
148733007,2979474,PT,present,introduced,invasive,,,
148733008,2980425,PT,present,introduced,invasive,,,
148733009,2979559,PT,present,introduced,,,,
148733010,2979292,PT,present,introduced,,,,
148733011,2978552,PT,present,introduced,invasive,,,
148733012,2978604,PT,present,introduced,invasive,,,
148733013,2972983,PT,present,introduced,,,,
148733014,5357407,PT,present,introduced,,,,
148733015,2953251,PT,present,introduced,,,,
5354727,2958521,PT,present,introduced,,,,
148733017,5353590,PT,present,introduced,,,,
148733018,2947311,PT,present,introduced,,,,
5354623,5354623,PT,present,introduced,,,,
148733020,2948921,PT,present,introduced,,,,
148733021,2959443,PT,present,introduced,,,,
148733022,5347796,PT,present,introduced,,,,
148733023,2970418,PT,present,introduced,,,,
3973001,5350010,PT,present,introduced,,,,
148733025,5356488,PT,present,introduced,,,,
148733026,5356514,PT,present,introduced,,,,
148733027,5356345,PT,present,introduced,,,,
148733029,2971033,PT,present,introduced,,,,
148733030,2971064,PT,present,introduced,,,,
148733031,2965379,PT,present,introduced,,,,
148733032,2965354,PT,present,introduced,,,,
148733033,2965473,PT,present,introduced,,,,
148733034,9151957,PT,present,introduced,,,,
148733035,2965584,PT,present,introduced,,,,
148733036,2965461,PT,present,introduced,,,,
148733037,5356945,PT,present,introduced,,,,
148733038,5356862,PT,present,introduced,,,,
148733039,2964167,PT,present,introduced,,,,
148733040,2972595,PT,present,introduced,,,,
148733041,2943719,PT,present,introduced,,,,
10683509,7224462,PT,present,introduced,,,,
148733043,5357217,PT,present,introduced,,,,
148733044,2970728,PT,present,introduced,,,,
5349991,5349989,PT,present,introduced,,,,
5350005,5350000,PT,present,introduced,,,,
148733047,2944039,PT,present,introduced,,,,
148733048,5352251,PT,present,introduced,invasive,,,
148733049,5359175,PT,present,introduced,,,,
5524081,5523408,PT,present,introduced,,,,
8220878,3937501,PT,present,introduced,,,,
7900084,3152632,PT,present,introduced,,,,
148733059,3152048,PT,present,introduced,,,,
148733060,3152047,PT,present,introduced,,,,
148733061,4259350,PT,present,introduced,,,,
148733062,5406735,PT,present,introduced,,,,
148733063,7279161,PT,present,introduced,,,,
148733064,5406783,PT,present,introduced,,,,
148733065,8338793,PT,present,introduced,,,,
148733066,3935421,PT,present,introduced,,,,
7279388,3152797,PT,present,introduced,,,,
148733068,3152560,PT,present,introduced,,,,
148733069,5406702,PT,present,introduced,,,,
148733070,5406789,PT,present,introduced,,,,
148733071,3152633,PT,present,introduced,,,,
148733073,3152614,PT,present,introduced,invasive,,,
148733077,5286079,PT,present,introduced,,,,
148733079,2684191,PT,present,introduced,,,,
148733080,2684171,PT,present,introduced,,,,
148733081,2683909,PT,present,introduced,,,,
148733082,2684391,PT,present,introduced,,,,
148733083,2684030,PT,present,introduced,,,,
148733084,2684046,PT,present,introduced,,,,
148733085,2684070,PT,present,introduced,,,,
148733086,2683969,PT,present,introduced,,,,
148733087,5284237,PT,present,introduced,,,,
148733088,2683866,PT,present,introduced,,,,
148733089,2683849,PT,present,introduced,,,,
148733090,2683936,PT,present,introduced,,,,
148733092,2684969,PT,present,introduced,,,,
148733095,4192413,PT,present,introduced,,,,
148733096,2685796,PT,present,introduced,,,,
148733097,5285074,PT,present,introduced,,,,
148733098,5285332,PT,present,introduced,,,,
148733099,5285727,PT,present,introduced,,,,
148733100,5284809,PT,present,introduced,,,,
148733101,5285710,PT,present,introduced,,,,
148733103,5285595,PT,present,introduced,,,,
148733104,5285243,PT,present,introduced,,,,
148733105,5285604,PT,present,introduced,,,,
148733106,5284884,PT,present,introduced,,,,
148733107,5284827,PT,present,introduced,,,,
148733108,2686212,PT,present,introduced,,,,
148733109,5284698,PT,present,introduced,,,,
148733110,5284702,PT,present,introduced,,,,
148733111,5284682,PT,present,introduced,,,,
148733113,2685552,PT,present,introduced,,,,
148733114,2685484,PT,present,introduced,,,,
148733115,2685464,PT,present,introduced,,,,
