taxonKey,countryCode,occurrenceStatus,establishmentMeans,degreeOfEstablishment,pathway,eventDate,source
160879901,EE,present,introduced,,,,
160879904,EE,present,introduced,,,,
160879912,EE,present,introduced,,,,
160879915,EE,present,introduced,,,,
160879918,EE,present,introduced,,,,
160879926,EE,present,introduced,,,,
160879928,EE,present,introduced,,,,
160879929,EE,present,introduced,,,,
160879930,EE,present,introduced,,,,
160879932,EE,present,introduced,,,,
160879934,EE,present,introduced,,,,
160879936,EE,present,introduced,,,,
160879938,EE,present,introduced,,,,
160879940,EE,present,introduced,,,,
160879948,EE,present,introduced,,,,
160879949,EE,present,introduced,,,,
160879954,EE,present,introduced,,,,
160879957,EE,present,introduced,,,,
160879963,EE,present,introduced,,,,
160879964,EE,present,introduced,,,,
160879967,EE,present,introduced,,,,
160879968,EE,present,introduced,,,,
160879974,EE,present,introduced,,,,
160879975,EE,present,introduced,,,,
160879977,EE,present,introduced,,,,
160879978,EE,present,introduced,,,,
160879979,EE,present,introduced,,,,
160879980,EE,present,introduced,,,,
160879981,EE,present,introduced,,,,
160879982,EE,present,introduced,,,,
160879986,EE,present,introduced,,,,
160879987,EE,present,introduced,,,,
160879988,EE,present,introduced,,,,
160879990,EE,present,introduced,,,,
160879992,EE,present,introduced,,,,
160879995,EE,present,introduced,,,,
160879998,EE,present,introduced,,,,
160880001,EE,present,introduced,,,,
160880007,EE,present,introduced,,,,
160880010,EE,present,introduced,,,,
160880013,EE,present,introduced,,,,
160880016,EE,present,introduced,,,,
160880021,EE,present,introduced,,,,
160880026,EE,present,introduced,,,,
160880027,EE,present,introduced,,,,
160880030,EE,present,introduced,,,,
160880032,EE,present,introduced,,,,
160880035,EE,present,introduced,,,,
160880038,EE,present,introduced,,,,
160880039,EE,present,introduced,,,,
160880041,EE,present,introduced,,,,
160880042,EE,present,introduced,,,,
160880043,EE,present,introduced,,,,
160880044,EE,present,introduced,,,,
160880045,EE,present,introduced,,,,
160880046,EE,present,introduced,,,,
160880047,EE,present,introduced,,,,
160880048,EE,present,introduced,,,,
160880053,EE,present,introduced,,,,
160880054,EE,present,introduced,,,,
160880059,EE,present,introduced,,,,
160880061,EE,present,introduced,,,,
160880064,EE,present,introduced,,,,
160880066,EE,present,introduced,,,,
160880069,EE,present,introduced,,,,
160880074,EE,present,introduced,,,,
160880075,EE,present,introduced,,,,
160880079,EE,present,introduced,,,,
160880083,EE,present,introduced,,,,
160880084,EE,present,introduced,,,,
160880086,EE,present,introduced,,,,
160880087,EE,present,introduced,,,,
160880091,EE,present,introduced,,,,
160880095,EE,present,introduced,,,,
160880096,EE,present,introduced,,,,
160880099,EE,present,introduced,,,,
160880101,EE,present,introduced,,,,
160880104,EE,present,introduced,,,,
160880107,EE,present,introduced,,,,
160880108,EE,present,introduced,,,,
160880111,EE,present,introduced,,,,
160880112,EE,present,introduced,,,,
160880113,EE,present,introduced,,,,
160880114,EE,present,introduced,,,,
160880115,EE,present,introduced,,,,
160880116,EE,present,introduced,,,,
160880118,EE,present,introduced,,,,
160880120,EE,present,introduced,,,,
160880122,EE,present,introduced,,,,
160880123,EE,present,introduced,,,,
160880124,EE,present,introduced,,,,
160880125,EE,present,introduced,,,,
160880126,EE,present,introduced,,,,
160880127,EE,present,introduced,,,,
160880128,EE,present,introduced,,,,
160880130,EE,present,introduced,,,,
160880132,EE,present,introduced,,,,
160880134,EE,present,introduced,,,,
160880135,EE,present,introduced,,,,
160880136,EE,present,introduced,,,,
160880137,EE,present,introduced,,,,
160880139,EE,present,introduced,,,,
160880141,EE,present,introduced,,,,
160880142,EE,present,introduced,,,,
160880143,EE,present,introduced,,,,
160880145,EE,present,introduced,,,,
160880147,EE,present,introduced,,,,
160880148,EE,present,introduced,,,,
160880149,EE,present,introduced,,,,
160880151,EE,present,introduced,,,,
160880153,EE,present,introduced,,,,
160880154,EE,present,introduced,,,,
160880155,EE,present,introduced,,,,
160880157,EE,present,introduced,,,,
160880159,EE,present,introduced,,,,
160880160,EE,present,introduced,,,,
160880161,EE,present,introduced,,,,
160880162,EE,present,introduced,,,,
160880163,EE,present,introduced,,,,
160880165,EE,present,introduced,,,,
160880167,EE,present,introduced,,,,
160880169,EE,present,introduced,,,,
160880170,EE,present,introduced,,,,
160880171,EE,present,introduced,,,,
160880172,EE,present,introduced,,,,
160880174,EE,present,introduced,,,,
160880175,EE,present,introduced,,,,
160880176,EE,present,introduced,,,,
160880177,EE,present,introduced,,,,
160880178,EE,present,introduced,,,,
160880179,EE,present,introduced,,,,
160880180,EE,present,introduced,,,,
160880181,EE,present,introduced,,,,
160880182,EE,present,introduced,,,,
160880183,EE,present,introduced,,,,
160880184,EE,present,introduced,,,,
160880185,EE,present,introduced,,,,
160880186,EE,present,introduced,,,,
160880187,EE,present,introduced,,,,
160880189,EE,present,introduced,,,,
160880191,EE,present,introduced,,,,
160880193,EE,present,introduced,,,,
160880194,EE,present,introduced,,,,
160880195,EE,present,introduced,,,,
160880197,EE,present,introduced,,,,
160880198,EE,present,introduced,,,,
160880199,EE,present,introduced,,,,
160880201,EE,present,introduced,,,,
160880204,EE,present,introduced,,,,
160880207,EE,present,introduced,,,,
160880208,EE,present,introduced,,,,
160880211,EE,present,introduced,,,,
160880212,EE,present,introduced,,,,
160880213,EE,present,introduced,,,,
160880214,EE,present,introduced,,,,
160880216,EE,present,introduced,,,,
160880219,EE,present,introduced,,,,
160880221,EE,present,introduced,,,,
160880222,EE,present,introduced,,,,
160880223,EE,present,introduced,,,,
160880225,EE,present,introduced,,,,
160880226,EE,present,introduced,,,,
160880228,EE,present,introduced,,,,
160880230,EE,present,introduced,,,,
160880231,EE,present,introduced,,,,
160880232,EE,present,introduced,,,,
160880233,EE,present,introduced,,,,
160880234,EE,present,introduced,,,,
160880235,EE,present,introduced,,,,
160880237,EE,present,introduced,,,,
160880238,EE,present,introduced,,,,
160880239,EE,present,introduced,,,,
160880240,EE,present,introduced,,,,
160880242,EE,present,introduced,,,,
160880244,EE,present,introduced,,,,
160880246,EE,present,introduced,,,,
160880248,EE,present,introduced,,,,
160880250,EE,present,introduced,,,,
160880251,EE,present,introduced,,,,
160880252,EE,present,introduced,,,,
160880254,EE,present,introduced,,,,
160880255,EE,present,introduced,,,,
160880260,EE,present,introduced,,,,
160880264,EE,present,introduced,,,,
160880268,EE,present,introduced,,,,
160880269,EE,present,introduced,,,,
160880271,EE,present,introduced,,,,
160880272,EE,present,introduced,,,,
160880277,EE,present,introduced,,,,
160880280,EE,present,introduced,,,,
160880282,EE,present,introduced,,,,
160880283,EE,present,introduced,,,,
160880284,EE,present,introduced,,,,
160880285,EE,present,introduced,,,,
160880287,EE,present,introduced,,,,
160880290,EE,present,introduced,,,,
160880293,EE,present,introduced,,,,
160880294,EE,present,introduced,,,,
160880297,EE,present,introduced,,,,
160880299,EE,present,introduced,,,,
160880300,EE,present,introduced,,,,
160880303,EE,present,introduced,,,,
160880304,EE,present,introduced,,,,
160880305,EE,present,introduced,,,,
160880308,EE,present,introduced,,,,
160880309,EE,present,introduced,,,,
160880312,EE,present,introduced,,,,
160880314,EE,present,introduced,,,,
160880315,EE,present,introduced,,,,
160880316,EE,present,introduced,,,,
160880318,EE,present,introduced,,,,
160880319,EE,present,introduced,,,,
160880321,EE,present,introduced,,,,
160880322,EE,present,introduced,,,,
160880326,EE,present,introduced,,,,
160880327,EE,present,introduced,,,,
160880329,EE,present,introduced,,,,
160880332,EE,present,introduced,,,,
160880333,EE,present,introduced,,,,
160880334,EE,present,introduced,,,,
160880336,EE,present,introduced,,,,
160880337,EE,present,introduced,,,,
160880344,EE,present,introduced,,,,
160880345,EE,present,introduced,,,,
160880347,EE,present,introduced,,,,
160880349,EE,present,introduced,,,,
160880353,EE,present,introduced,,,,
160880354,EE,present,introduced,,,,
160880355,EE,present,introduced,,,,
160880356,EE,present,introduced,,,,
160880357,EE,present,introduced,,,,
160880358,EE,present,introduced,,,,
160880360,EE,present,introduced,,,,
160880361,EE,present,introduced,,,,
160880362,EE,present,introduced,,,,
160880364,EE,present,introduced,,,,
160880366,EE,present,introduced,,,,
160880368,EE,present,introduced,,,,
160880369,EE,present,introduced,,,,
160880370,EE,present,introduced,,,,
160880372,EE,present,introduced,,,,
160880374,EE,present,introduced,,,,
160880377,EE,present,introduced,,,,
160880378,EE,present,introduced,,,,
160880382,EE,present,introduced,,,,
160880384,EE,present,introduced,,,,
160880385,EE,present,introduced,,,,
160880386,EE,present,introduced,,,,
160880389,EE,present,introduced,,,,
160880390,EE,present,introduced,,,,
160880391,EE,present,introduced,,,,
160880392,EE,present,introduced,,,,
160880398,EE,present,introduced,,,,
160880400,EE,present,introduced,,,,
160880401,EE,present,introduced,,,,
160880404,EE,present,introduced,,,,
160880405,EE,present,introduced,,,,
160880409,EE,present,introduced,,,,
160880410,EE,present,introduced,,,,
160880411,EE,present,introduced,,,,
160880414,EE,present,introduced,,,,
160880415,EE,present,introduced,,,,
160880416,EE,present,introduced,,,,
160880421,EE,present,introduced,,,,
160880422,EE,present,introduced,,,,
160880423,EE,present,introduced,,,,
160880424,EE,present,introduced,,,,
160880425,EE,present,introduced,,,,
160880427,EE,present,introduced,,,,
160880428,EE,present,introduced,,,,
160880429,EE,present,introduced,,,,
160880431,EE,present,introduced,,,,
160880432,EE,present,introduced,,,,
160880434,EE,present,introduced,,,,
160880436,EE,present,introduced,,,,
160880437,EE,present,introduced,,,,
160880438,EE,present,introduced,,,,
160880439,EE,present,introduced,,,,
160880441,EE,present,introduced,,,,
160880442,EE,present,introduced,,,,
160880443,EE,present,introduced,,,,
160880444,EE,present,introduced,,,,
160880447,EE,present,introduced,,,,
160880450,EE,present,introduced,,,,
160880452,EE,present,introduced,,,,
160880453,EE,present,introduced,,,,
160880454,EE,present,introduced,,,,
160880455,EE,present,introduced,,,,
160880457,EE,present,introduced,,,,
160880459,EE,present,introduced,,,,
160880462,EE,present,introduced,,,,
160880464,EE,present,introduced,,,,
160880465,EE,present,introduced,,,,
160880466,EE,present,introduced,,,,
160880467,EE,present,introduced,,,,
160880468,EE,present,introduced,,,,
160880469,EE,present,introduced,,,,
160880471,EE,present,introduced,,,,
160880472,EE,present,introduced,,,,
160880476,EE,present,introduced,,,,
160880479,EE,present,introduced,,,,
160880481,EE,present,introduced,,,,
160880482,EE,present,introduced,,,,
160880483,EE,present,introduced,,,,
160880484,EE,present,introduced,,,,
160880485,EE,present,introduced,,,,
160880486,EE,present,introduced,,,,
160880487,EE,present,introduced,,,,
160880488,EE,present,introduced,,,,
160880489,EE,present,introduced,,,,
160880490,EE,present,introduced,,,,
160880497,EE,present,introduced,,,,
160880498,EE,present,introduced,,,,
160880499,EE,present,introduced,,,,
160880502,EE,present,introduced,,,,
160880503,EE,present,introduced,,,,
160880505,EE,present,introduced,,,,
160880506,EE,present,introduced,,,,
160880507,EE,present,introduced,,,,
160880509,EE,present,introduced,,,,
160880511,EE,present,introduced,,,,
160880512,EE,present,introduced,,,,
160880513,EE,present,introduced,,,,
160880514,EE,present,introduced,,,,
160880516,EE,present,introduced,,,,
160880517,EE,present,introduced,,,,
160880518,EE,present,introduced,,,,
160880520,EE,present,introduced,,,,
160880522,EE,present,introduced,,,,
160880523,EE,present,introduced,,,,
160880524,EE,present,introduced,,,,
160880525,EE,present,introduced,,,,
160880526,EE,present,introduced,,,,
160880528,EE,present,introduced,,,,
160880530,EE,present,introduced,,,,
160880531,EE,present,introduced,,,,
160880532,EE,present,introduced,,,,
160880533,EE,present,introduced,,,,
160880535,EE,present,introduced,,,,
160880536,EE,present,introduced,,,,
160880537,EE,present,introduced,,,,
160880538,EE,present,introduced,,,,
160880539,EE,present,introduced,,,,
160880541,EE,present,introduced,,,,
160880543,EE,present,introduced,,,,
160880544,EE,present,introduced,,,,
160880545,EE,present,introduced,,,,
160880546,EE,present,introduced,,,,
160880547,EE,present,introduced,,,,
160880548,EE,present,introduced,,,,
160880549,EE,present,introduced,,,,
160880550,EE,present,introduced,,,,
160880551,EE,present,introduced,,,,
160880552,EE,present,introduced,,,,
160880553,EE,present,introduced,,,,
160880554,EE,present,introduced,,,,
160880555,EE,present,introduced,,,,
160880556,EE,present,introduced,,,,
160880558,EE,present,introduced,,,,
160880561,EE,present,introduced,,,,
160880565,EE,present,introduced,,,,
160880568,EE,present,introduced,,,,
160880569,EE,present,introduced,,,,
160880570,EE,present,introduced,,,,
160880572,EE,present,introduced,,,,
160880573,EE,present,introduced,,,,
160880574,EE,present,introduced,,,,
160880575,EE,present,introduced,,,,
160880576,EE,present,introduced,,,,
160880577,EE,present,introduced,,,,
160880579,EE,present,introduced,,,,
160880580,EE,present,introduced,,,,
160880581,EE,present,introduced,,,,
160880582,EE,present,introduced,,,,
160880583,EE,present,introduced,,,,
160880584,EE,present,introduced,,,,
160880587,EE,present,introduced,,,,
160880589,EE,present,introduced,,,,
160880591,EE,present,introduced,,,,
160880593,EE,present,introduced,,,,
160880594,EE,present,introduced,,,,
160880598,EE,present,introduced,,,,
160880599,EE,present,introduced,,,,
160880601,EE,present,introduced,,,,
160880602,EE,present,introduced,,,,
160880606,EE,present,introduced,,,,
160880607,EE,present,introduced,,,,
160880609,EE,present,introduced,,,,
160880611,EE,present,introduced,,,,
160880612,EE,present,introduced,,,,
160880613,EE,present,introduced,,,,
160880615,EE,present,introduced,,,,
160880616,EE,present,introduced,,,,
160880617,EE,present,introduced,,,,
160880618,EE,present,introduced,,,,
160880620,EE,present,introduced,,,,
160880621,EE,present,introduced,,,,
160880623,EE,present,introduced,,,,
160880624,EE,present,introduced,,,,
160880625,EE,present,introduced,,,,
160880629,EE,present,introduced,,,,
160880631,EE,present,introduced,,,,
160880633,EE,present,introduced,,,,
160880634,EE,present,introduced,,,,
160880635,EE,present,introduced,,,,
160880637,EE,present,introduced,,,,
160880638,EE,present,introduced,,,,
160880640,EE,present,introduced,,,,
160880642,EE,present,introduced,,,,
160880643,EE,present,introduced,,,,
160880644,EE,present,introduced,,,,
160880645,EE,present,introduced,,,,
160880646,EE,present,introduced,,,,
160880647,EE,present,introduced,,,,
160880649,EE,present,introduced,,,,
160880651,EE,present,introduced,,,,
160880652,EE,present,introduced,,,,
160880655,EE,present,introduced,,,,
160880656,EE,present,introduced,,,,
160880657,EE,present,introduced,,,,
160880660,EE,present,introduced,,,,
160880661,EE,present,introduced,,,,
160880662,EE,present,introduced,,,,
160880663,EE,present,introduced,,,,
160880664,EE,present,introduced,,,,
160880665,EE,present,introduced,,,,
160880666,EE,present,introduced,,,,
160880667,EE,present,introduced,,,,
160880668,EE,present,introduced,,,,
160880669,EE,present,introduced,,,,
160880670,EE,present,introduced,,,,
160880671,EE,present,introduced,,,,
160880673,EE,present,introduced,,,,
160880674,EE,present,introduced,,,,
160880675,EE,present,introduced,,,,
160880677,EE,present,introduced,,,,
160880678,EE,present,introduced,,,,
160880683,EE,present,introduced,,,,
160880684,EE,present,introduced,,,,
160880685,EE,present,introduced,,,,
160880686,EE,present,introduced,,,,
160880688,EE,present,introduced,,,,
160880689,EE,present,introduced,,,,
160880692,EE,present,introduced,,,,
160880693,EE,present,introduced,,,,
160880696,EE,present,introduced,,,,
160880698,EE,present,introduced,,,,
160880700,EE,present,introduced,,,,
160880701,EE,present,introduced,,,,
160880702,EE,present,introduced,,,,
160880703,EE,present,introduced,,,,
160880704,EE,present,introduced,,,,
160880705,EE,present,introduced,,,,
160880706,EE,present,introduced,,,,
160880707,EE,present,introduced,,,,
160880708,EE,present,introduced,,,,
160880710,EE,present,introduced,,,,
160880712,EE,present,introduced,,,,
160880713,EE,present,introduced,,,,
160880714,EE,present,introduced,,,,
160880715,EE,present,introduced,,,,
160880718,EE,present,introduced,,,,
160880720,EE,present,introduced,,,,
160880723,EE,present,introduced,,,,
160880724,EE,present,introduced,,,,
160880725,EE,present,introduced,,,,
160880726,EE,present,introduced,,,,
160880727,EE,present,introduced,,,,
160880728,EE,present,introduced,,,,
160880729,EE,present,introduced,,,,
160880730,EE,present,introduced,,,,
160880731,EE,present,introduced,,,,
160880732,EE,present,introduced,,,,
160880733,EE,present,introduced,,,,
160880734,EE,present,introduced,,,,
160880735,EE,present,introduced,,,,
160880736,EE,present,introduced,,,,
160880737,EE,present,introduced,,,,
160880738,EE,present,introduced,,,,
160880739,EE,present,introduced,,,,
160880740,EE,present,introduced,,,,
160880741,EE,present,introduced,,,,
160880742,EE,present,introduced,,,,
160880743,EE,present,introduced,,,,
160880744,EE,present,introduced,,,,
160880745,EE,present,introduced,,,,
160880746,EE,present,introduced,,,,
160880747,EE,present,introduced,,,,
160880748,EE,present,introduced,,,,
160880749,EE,present,introduced,,,,
160880750,EE,present,introduced,,,,
160880751,EE,present,introduced,,,,
160880752,EE,present,introduced,,,,
160880753,EE,present,introduced,,,,
160880754,EE,present,introduced,,,,
160880755,EE,present,introduced,,,,
160880756,EE,present,introduced,,,,
160880757,EE,present,introduced,,,,
160880758,EE,present,introduced,,,,
160880759,EE,present,introduced,,,,
160880760,EE,present,introduced,,,,
160880761,EE,present,introduced,,,,
160880762,EE,present,introduced,,,,
160880763,EE,present,introduced,,,,
160880764,EE,present,introduced,,,,
160880765,EE,present,introduced,,,,
160880766,EE,present,introduced,,,,
160880767,EE,present,introduced,,,,
160880768,EE,present,introduced,,,,
160880769,EE,present,introduced,,,,
160880770,EE,present,introduced,,,,
160880771,EE,present,introduced,,,,
160880772,EE,present,introduced,,,,
160880773,EE,present,introduced,,,,
160880774,EE,present,introduced,,,,
160880775,EE,present,introduced,,,,
160880778,EE,present,introduced,,,,
160880782,EE,present,introduced,,,,
160880783,EE,present,introduced,,,,
160880786,EE,present,introduced,,,,
160880788,EE,present,introduced,,,,
160880789,EE,present,introduced,,,,
160880790,EE,present,introduced,,,,
160880791,EE,present,introduced,,,,
160880792,EE,present,introduced,,,,
160880793,EE,present,introduced,,,,
160880794,EE,present,introduced,,,,
160880795,EE,present,introduced,,,,
160880796,EE,present,introduced,,,,
160880797,EE,present,introduced,,,,
160880798,EE,present,introduced,,,,
160880799,EE,present,introduced,,,,
160880800,EE,present,introduced,,,,
160880801,EE,present,introduced,,,,
160880802,EE,present,introduced,,,,
160880803,EE,present,introduced,,,,
160880804,EE,present,introduced,,,,
160880805,EE,present,introduced,,,,
160880806,EE,present,introduced,,,,
160880807,EE,present,introduced,,,,
160880808,EE,present,introduced,,,,
160880809,EE,present,introduced,,,,
160880810,EE,present,introduced,,,,
160880811,EE,present,introduced,,,,
160880812,EE,present,introduced,,,,
160880813,EE,present,introduced,,,,
160880816,EE,present,introduced,,,,
160880819,EE,present,introduced,,,,
160880820,EE,present,introduced,,,,
160880821,EE,present,introduced,,,,
160880822,EE,present,introduced,,,,
160880823,EE,present,introduced,,,,
160880824,EE,present,introduced,,,,
160880825,EE,present,introduced,,,,
160880826,EE,present,introduced,,,,
160880829,EE,present,introduced,,,,
160880832,EE,present,introduced,,,,
160880833,EE,present,introduced,,,,
160880836,EE,present,introduced,,,,
160880838,EE,present,introduced,,,,
160880840,EE,present,introduced,,,,
160880842,EE,present,introduced,,,,
160880844,EE,present,introduced,,,,
160880845,EE,present,introduced,,,,
160880846,EE,present,introduced,,,,
160880847,EE,present,introduced,,,,
160880848,EE,present,introduced,,,,
160880849,EE,present,introduced,,,,
160880850,EE,present,introduced,,,,
160880851,EE,present,introduced,,,,
160880852,EE,present,introduced,,,,
160880853,EE,present,introduced,,,,
160880854,EE,present,introduced,,,,
160880855,EE,present,introduced,,,,
160880857,EE,present,introduced,,,,
160880858,EE,present,introduced,,,,
160880861,EE,present,introduced,,,,
160880863,EE,present,introduced,,,,
160880865,EE,present,introduced,,,,
160880867,EE,present,introduced,,,,
160880868,EE,present,introduced,,,,
160880869,EE,present,introduced,,,,
160880870,EE,present,introduced,,,,
160880871,EE,present,introduced,,,,
160880872,EE,present,introduced,,,,
160880873,EE,present,introduced,,,,
160880874,EE,present,introduced,,,,
160880875,EE,present,introduced,,,,
160880876,EE,present,introduced,,,,
160880877,EE,present,introduced,,,,
160880878,EE,present,introduced,,,,
160880879,EE,present,introduced,,,,
160880882,EE,present,introduced,,,,
160880884,EE,present,introduced,,,,
160880886,EE,present,introduced,,,,
160880888,EE,present,introduced,,,,
160880890,EE,present,introduced,,,,
160880892,EE,present,introduced,,,,
160880894,EE,present,introduced,,,,
160880896,EE,present,introduced,,,,
160880898,EE,present,introduced,,,,
160880900,EE,present,introduced,,,,
160880902,EE,present,introduced,,,,
160880904,EE,present,introduced,,,,
160880906,EE,present,introduced,,,,
160880908,EE,present,introduced,,,,
160880910,EE,present,introduced,,,,
160880912,EE,present,introduced,,,,
160880914,EE,present,introduced,,,,
160880915,EE,present,introduced,,,,
160880916,EE,present,introduced,,,,
160880917,EE,present,introduced,,,,
160880918,EE,present,introduced,,,,
160880919,EE,present,introduced,,,,
160880920,EE,present,introduced,,,,
160880921,EE,present,introduced,,,,
160880922,EE,present,introduced,,,,
160880923,EE,present,introduced,,,,
160880924,EE,present,introduced,,,,
160880925,EE,present,introduced,,,,
160880926,EE,present,introduced,,,,
160880927,EE,present,introduced,,,,
160880928,EE,present,introduced,,,,
160880929,EE,present,introduced,,,,
160880930,EE,present,introduced,,,,
160880931,EE,present,introduced,,,,
160880932,EE,present,introduced,,,,
160880933,EE,present,introduced,,,,
160880934,EE,present,introduced,,,,
160880935,EE,present,introduced,,,,
160880936,EE,present,introduced,,,,
160880937,EE,present,introduced,,,,
160880938,EE,present,introduced,,,,
160880939,EE,present,introduced,,,,
160880940,EE,present,introduced,,,,
160880941,EE,present,introduced,,,,
160880942,EE,present,introduced,,,,
160880943,EE,present,introduced,,,,
160880944,EE,present,introduced,,,,
160880945,EE,present,introduced,,,,
160880946,EE,present,introduced,,,,
160880947,EE,present,introduced,,,,
160880948,EE,present,introduced,,,,
160880949,EE,present,introduced,,,,
160880950,EE,present,introduced,,,,
160880951,EE,present,introduced,,,,
160880952,EE,present,introduced,,,,
160880955,EE,present,introduced,,,,
160880957,EE,present,introduced,,,,
160880958,EE,present,introduced,,,,
160880961,EE,present,introduced,,,,
160880963,EE,present,introduced,,,,
160880965,EE,present,introduced,,,,
160880967,EE,present,introduced,,,,
160880969,EE,present,introduced,,,,
160880971,EE,present,introduced,,,,
160880973,EE,present,introduced,,,,
160880974,EE,present,introduced,,,,
160880975,EE,present,introduced,,,,
160880976,EE,present,introduced,,,,
160880977,EE,present,introduced,,,,
160880978,EE,present,introduced,,,,
160880979,EE,present,introduced,,,,
160880980,EE,present,introduced,,,,
160880981,EE,present,introduced,,,,
160880982,EE,present,introduced,,,,
160880983,EE,present,introduced,,,,
160880984,EE,present,introduced,,,,
160880985,EE,present,introduced,,,,
160880986,EE,present,introduced,,,,
160880987,EE,present,introduced,,,,
160880988,EE,present,introduced,,,,
160880989,EE,present,introduced,,,,
160880990,EE,present,introduced,,,,
160880991,EE,present,introduced,,,,
160880992,EE,present,introduced,,,,
160880993,EE,present,introduced,,,,
160880994,EE,present,introduced,,,,
160880995,EE,present,introduced,,,,
160880996,EE,present,introduced,,,,
160880997,EE,present,introduced,,,,
160880998,EE,present,introduced,,,,
160880999,EE,present,introduced,,,,
160881000,EE,present,introduced,,,,
160881001,EE,present,introduced,,,,
160881002,EE,present,introduced,,,,
160881003,EE,present,introduced,,,,
160881004,EE,present,introduced,,,,
160881005,EE,present,introduced,,,,
160881006,EE,present,introduced,,,,
160881007,EE,present,introduced,,,,
160881008,EE,present,introduced,,,,
160881009,EE,present,introduced,,,,
160881010,EE,present,introduced,,,,
160881011,EE,present,introduced,,,,
160881012,EE,present,introduced,,,,
160881013,EE,present,introduced,,,,
160881014,EE,present,introduced,,,,
160881015,EE,present,introduced,,,,
160881016,EE,present,introduced,,,,
160881017,EE,present,introduced,,,,
160881018,EE,present,introduced,,,,
160881019,EE,present,introduced,,,,
160881020,EE,present,introduced,,,,
160881021,EE,present,introduced,,,,
160881022,EE,present,introduced,,,,
160881023,EE,present,introduced,,,,
160881026,EE,present,introduced,,,,
160881027,EE,present,introduced,,,,
160881029,EE,present,introduced,,,,
160881030,EE,present,introduced,,,,
160881032,EE,present,introduced,,,,
160881035,EE,present,introduced,,,,
160881036,EE,present,introduced,,,,
160881038,EE,present,introduced,,,,
160881040,EE,present,introduced,,,,
160881042,EE,present,introduced,,,,
160881044,EE,present,introduced,,,,
160881046,EE,present,introduced,,,,
160881047,EE,present,introduced,,,,
160881049,EE,present,introduced,,,,
160881051,EE,present,introduced,,,,
160881053,EE,present,introduced,,,,
160881054,EE,present,introduced,,,,
160881056,EE,present,introduced,,,,
160881058,EE,present,introduced,,,,
160881060,EE,present,introduced,,,,
160881062,EE,present,introduced,,,,
160881064,EE,present,introduced,,,,
160881066,EE,present,introduced,,,,
160881068,EE,present,introduced,,,,
160881070,EE,present,introduced,,,,
160881071,EE,present,introduced,,,,
160881072,EE,present,introduced,,,,
160881073,EE,present,introduced,,,,
160881074,EE,present,introduced,,,,
160881075,EE,present,introduced,,,,
160881076,EE,present,introduced,,,,
160881077,EE,present,introduced,,,,
160881078,EE,present,introduced,,,,
160881079,EE,present,introduced,,,,
160881080,EE,present,introduced,,,,
160881081,EE,present,introduced,,,,
160881082,EE,present,introduced,,,,
160881083,EE,present,introduced,,,,
160881084,EE,present,introduced,,,,
160881085,EE,present,introduced,,,,
160881086,EE,present,introduced,,,,
160881087,EE,present,introduced,,,,
160881088,EE,present,introduced,,,,
160881089,EE,present,introduced,,,,
160881090,EE,present,introduced,,,,
160881091,EE,present,introduced,,,,
160881092,EE,present,introduced,,,,
160881093,EE,present,introduced,,,,
160881094,EE,present,introduced,,,,
160881095,EE,present,introduced,,,,
160881096,EE,present,introduced,,,,
160881097,EE,present,introduced,,,,
160881098,EE,present,introduced,,,,
160881099,EE,present,introduced,,,,
160881100,EE,present,introduced,,,,
160881101,EE,present,introduced,,,,
160881102,EE,present,introduced,,,,
160881103,EE,present,introduced,,,,
160881104,EE,present,introduced,,,,
160881105,EE,present,introduced,,,,
160881106,EE,present,introduced,,,,
160881107,EE,present,introduced,,,,
160881108,EE,present,introduced,,,,
160881109,EE,present,introduced,,,,
160881110,EE,present,introduced,,,,
160881111,EE,present,introduced,,,,
160881112,EE,present,introduced,,,,
160881113,EE,present,introduced,,,,
160881114,EE,present,introduced,,,,
160881115,EE,present,introduced,,,,
160881116,EE,present,introduced,,,,
160881117,EE,present,introduced,,,,
160881120,EE,present,introduced,,,,
160881122,EE,present,introduced,,,,
160881123,EE,present,introduced,,,,
160881124,EE,present,introduced,,,,
160881125,EE,present,introduced,,,,
160881126,EE,present,introduced,,,,
160881129,EE,present,introduced,,,,
160881131,EE,present,introduced,,,,
160881132,EE,present,introduced,,,,
160881133,EE,present,introduced,,,,
160881136,EE,present,introduced,,,,
160881138,EE,present,introduced,,,,
160881140,EE,present,introduced,,,,
160881141,EE,present,introduced,,,,
160881142,EE,present,introduced,,,,
160881143,EE,present,introduced,,,,
160881144,EE,present,introduced,,,,
160881147,EE,present,introduced,,,,
160881148,EE,present,introduced,,,,
160881149,EE,present,introduced,,,,
160881150,EE,present,introduced,,,,
160881151,EE,present,introduced,,,,
160881152,EE,present,introduced,,,,
160881153,EE,present,introduced,,,,
160881154,EE,present,introduced,,,,
160881155,EE,present,introduced,,,,
160881156,EE,present,introduced,,,,
160881157,EE,present,introduced,,,,
160881158,EE,present,introduced,,,,
160881159,EE,present,introduced,,,,
160881160,EE,present,introduced,,,,
160881163,EE,present,introduced,,,,
160881165,EE,present,introduced,,,,
160881166,EE,present,introduced,,,,
160881167,EE,present,introduced,,,,
160881168,EE,present,introduced,,,,
160881169,EE,present,introduced,,,,
160881170,EE,present,introduced,,,,
160881171,EE,present,introduced,,,,
160881172,EE,present,introduced,,,,
160881173,EE,present,introduced,,,,
160881174,EE,present,introduced,,,,
160881175,EE,present,introduced,,,,
160881176,EE,present,introduced,,,,
160881177,EE,present,introduced,,,,
160881178,EE,present,introduced,,,,
160881179,EE,present,introduced,,,,
160881180,EE,present,introduced,,,,
160881181,EE,present,introduced,,,,
160881182,EE,present,introduced,,,,
160881183,EE,present,introduced,,,,
160881184,EE,present,introduced,,,,
160881185,EE,present,introduced,,,,
160881186,EE,present,introduced,,,,
160881187,EE,present,introduced,,,,
160881188,EE,present,introduced,,,,
160881189,EE,present,introduced,,,,
160881190,EE,present,introduced,,,,
160881191,EE,present,introduced,,,,
160881192,EE,present,introduced,,,,
160881193,EE,present,introduced,,,,
160881194,EE,present,introduced,,,,
160881197,EE,present,introduced,,,,
160881198,EE,present,introduced,,,,
160881199,EE,present,introduced,,,,
160881200,EE,present,introduced,,,,
160881201,EE,present,introduced,,,,
160881202,EE,present,introduced,,,,
160881203,EE,present,introduced,,,,
160881206,EE,present,introduced,,,,
160881207,EE,present,introduced,,,,
160881208,EE,present,introduced,,,,
160881211,EE,present,introduced,,,,
160881213,EE,present,introduced,,,,
160881215,EE,present,introduced,,,,
160881216,EE,present,introduced,,,,
160881217,EE,present,introduced,,,,
160881218,EE,present,introduced,,,,
160881219,EE,present,introduced,,,,
160881220,EE,present,introduced,,,,
160881221,EE,present,introduced,,,,
160881222,EE,present,introduced,,,,
160881223,EE,present,introduced,,,,
160881224,EE,present,introduced,,,,
160881225,EE,present,introduced,,,,
160881226,EE,present,introduced,,,,
160881230,EE,present,introduced,,,,
160881232,EE,present,introduced,,,,
160881234,EE,present,introduced,,,,
160881236,EE,present,introduced,,,,
160881238,EE,present,introduced,,,,
160881240,EE,present,introduced,,,,
160881242,EE,present,introduced,,,,
160881244,EE,present,introduced,,,,
160881246,EE,present,introduced,,,,
160881248,EE,present,introduced,,,,
160881250,EE,present,introduced,,,,
160881252,EE,present,introduced,,,,
160881254,EE,present,introduced,,,,
160881256,EE,present,introduced,,,,
160881258,EE,present,introduced,,,,
160881260,EE,present,introduced,,,,
160881261,EE,present,introduced,,,,
160881262,EE,present,introduced,,,,
160881263,EE,present,introduced,,,,
160881264,EE,present,introduced,,,,
160881265,EE,present,introduced,,,,
160881266,EE,present,introduced,,,,
160881267,EE,present,introduced,,,,
160881268,EE,present,introduced,,,,
160881269,EE,present,introduced,,,,
160881270,EE,present,introduced,,,,
160881271,EE,present,introduced,,,,
160881272,EE,present,introduced,,,,
160881273,EE,present,introduced,,,,
160881274,EE,present,introduced,,,,
160881275,EE,present,introduced,,,,
160881276,EE,present,introduced,,,,
160881277,EE,present,introduced,,,,
160881278,EE,present,introduced,,,,
160881279,EE,present,introduced,,,,
160881280,EE,present,introduced,,,,
160881281,EE,present,introduced,,,,
160881282,EE,present,introduced,,,,
160881283,EE,present,introduced,,,,
160881284,EE,present,introduced,,,,
160881285,EE,present,introduced,,,,
160881286,EE,present,introduced,,,,
160881287,EE,present,introduced,,,,
160881288,EE,present,introduced,,,,
160881289,EE,present,introduced,,,,
160881290,EE,present,introduced,,,,
160881291,EE,present,introduced,,,,
160881292,EE,present,introduced,,,,
160881293,EE,present,introduced,,,,
160881294,EE,present,introduced,,,,
160881295,EE,present,introduced,,,,
160881296,EE,present,introduced,,,,
160881297,EE,present,introduced,,,,
160881298,EE,present,introduced,,,,
160881299,EE,present,introduced,,,,
160881300,EE,present,introduced,,,,
160881301,EE,present,introduced,,,,
160881302,EE,present,introduced,,,,
160881303,EE,present,introduced,,,,
160881304,EE,present,introduced,,,,
160881305,EE,present,introduced,,,,
160881306,EE,present,introduced,,,,
160881307,EE,present,introduced,,,,
160881308,EE,present,introduced,,,,
160881309,EE,present,introduced,,,,
160881310,EE,present,introduced,,,,
160881311,EE,present,introduced,,,,
160881312,EE,present,introduced,,,,
160881313,EE,present,introduced,,,,
160881314,EE,present,introduced,,,,
160881315,EE,present,introduced,,,,
160881316,EE,present,introduced,,,,
160881317,EE,present,introduced,,,,
160881318,EE,present,introduced,,,,
160881319,EE,present,introduced,,,,
160881320,EE,present,introduced,,,,
160881321,EE,present,introduced,,,,
160881322,EE,present,introduced,,,,
160881323,EE,present,introduced,,,,
160881324,EE,present,introduced,,,,
160881325,EE,present,introduced,,,,
160881326,EE,present,introduced,,,,
160881327,EE,present,introduced,,,,
160881328,EE,present,introduced,,,,
160881329,EE,present,introduced,,,,
160881330,EE,present,introduced,,,,
160881331,EE,present,introduced,,,,
160881332,EE,present,introduced,,,,
160881333,EE,present,introduced,,,,
160881334,EE,present,introduced,,,,
160881335,EE,present,introduced,,,,
160881339,EE,present,introduced,,,,
160881341,EE,present,introduced,,,,
160881342,EE,present,introduced,,,,
160881343,EE,present,introduced,,,,
160881344,EE,present,introduced,,,,
160881345,EE,present,introduced,,,,
160881346,EE,present,introduced,,,,
160881347,EE,present,introduced,,,,
160881348,EE,present,introduced,,,,
160881349,EE,present,introduced,,,,
160881350,EE,present,introduced,,,,
160881351,EE,present,introduced,,,,
160881352,EE,present,introduced,,,,
160881353,EE,present,introduced,,,,
160881354,EE,present,introduced,,,,
160881355,EE,present,introduced,,,,
160881356,EE,present,introduced,,,,
160881359,EE,present,introduced,,,,
160881361,EE,present,introduced,,,,
160881362,EE,present,introduced,,,,
160881364,EE,present,introduced,,,,
160881366,EE,present,introduced,,,,
160881367,EE,present,introduced,,,,
160881368,EE,present,introduced,,,,
160881369,EE,present,introduced,,,,
160881370,EE,present,introduced,,,,
160881371,EE,present,introduced,,,,
160881372,EE,present,introduced,,,,
160881376,EE,present,introduced,,,,
160881377,EE,present,introduced,,,,
160881380,EE,present,introduced,,,,
160881381,EE,present,introduced,,,,
160881382,EE,present,introduced,,,,
160881383,EE,present,introduced,,,,
160881384,EE,present,introduced,,,,
160881385,EE,present,introduced,,,,
160881386,EE,present,introduced,,,,
160881387,EE,present,introduced,,,,
160881388,EE,present,introduced,,,,
160881389,EE,present,introduced,,,,
160881390,EE,present,introduced,,,,
160881391,EE,present,introduced,,,,
160881392,EE,present,introduced,,,,
160881393,EE,present,introduced,,,,
